41.8559054115,-71.4157906814,0.09789053
41.8589042519,-71.4182738751,0.100097194
41.8591846726,-71.4217456068,0.096294805
41.8587824652,-71.4200940879,0.093856715
41.8557311898,-71.3958221397,0.09229376
41.8021380099,-71.4393036018,0.100098185
41.8572302313,-71.4124815115,0.093921155
41.856664099,-71.4139921897,0.08576292
41.8534993469,-71.4106335379,0.09901907
41.8583509905,-71.4188288544,0.10148095
41.8574026433,-71.4101724943,0.09439692
41.8567474336,-71.4151932084,0.10329353
41.8555551961,-71.3918172462,0.10253333
41.8574500334,-71.4146248155,0.09863881
41.8554712793,-71.4000072806,0.09765981
41.8562022317,-71.4255270403,0.098762445
41.8563312395,-71.4258410331,0.09903637
41.8587944868,-71.4199739606,0.097809635
41.8571840303,-71.4146219165,0.09452601
41.8558815075,-71.4144831248,0.08614453
41.8575073891,-71.4137448647,0.099122494
41.8602990579,-71.4256758835,0.10023579
41.8568197133,-71.4258172074,0.09403327
41.8568095691,-71.4171764161,0.10417387
41.8576526662,-71.4255422598,0.10339058
41.857336165,-71.4137992219,0.09339911
41.8580621631,-71.431694059,0.100833155
41.8560694917,-71.408179192,0.09723343
41.8555609924,-71.4363749434,0.09269688
41.8568284492,-71.4210499405,0.094434544
41.8587381148,-71.4332444259,0.097166754
41.8559917281,-71.4184431955,0.10260407
41.8568450209,-71.4302258516,0.09852572
41.8564395315,-71.4096450431,0.09332621
41.8581473668,-71.4212131898,0.09744128
41.8521052231,-71.4111531059,0.0984692
41.8556327979,-71.3991954246,0.0970774
41.8575465606,-71.4176359107,0.10098797
41.8558738887,-71.437629788,0.09479445
41.8577692415,-71.4171984306,0.09804295
41.8602084019,-71.4243750667,0.10020996
41.8577327918,-71.4253161414,0.094649464
41.8569197994,-71.415703801,0.1007247
41.8567320332,-71.4169535538,0.09804668
41.8598667593,-71.4217341015,0.09804375
41.8559428421,-71.3982562751,0.09608809
41.8562615632,-71.4135309692,0.099226475
41.8598924,-71.4214823427,0.10171872
41.8597829758,-71.4225531543,0.099305205
41.8554814273,-71.4412835965,0.10008561
41.8574202347,-71.4262081127,0.098827265
41.857594682,-71.4194973468,0.10045481
41.8560800547,-71.4342071284,0.10261352
41.8566770263,-71.4244175546,0.101734966
41.8560811805,-71.3926909082,0.094496116
41.8556121737,-71.4370477516,0.100735016
41.8517539247,-71.411284017,0.096053764
41.8554974167,-71.4151279801,0.09763017
41.8599669622,-71.4207498043,0.08832271
41.8566009249,-71.4108849419,0.10020411
41.8556540405,-71.3994358741,0.09545784
41.858888796,-71.4131990278,0.101643145
41.8569841629,-71.4253655142,0.10009496
41.8024853106,-71.4394834206,0.097917445
41.8559422519,-71.4400113717,0.096874535
41.8586679768,-71.4324402543,0.09508226
41.8589024169,-71.4176915356,0.09903399
41.8562798249,-71.4156530679,0.10110284
41.8592618132,-71.4271442,0.10272847
41.8558872028,-71.441927679,0.10267216
41.8556555531,-71.3999271913,0.10326302
41.8555298994,-71.442631639,0.09867728
41.8578920948,-71.4244059587,0.09176807
41.8565043501,-71.4259584407,0.09611375
41.8575154578,-71.4244132062,0.097364135
41.8583452629,-71.4238646676,0.096845426
41.8570202026,-71.4178494414,0.095195435
41.8583585324,-71.4183333049,0.09509351
41.8566507061,-71.4299923982,0.10284323
41.8577867561,-71.4169524667,0.09900093
41.8564314183,-71.4142899761,0.09615291
41.8569401957,-71.4201184576,0.09874468
41.8606363643,-71.4258859669,0.09654573
41.8562790185,-71.4253146919,0.09503378
41.8555462369,-71.436129808,0.09561896
41.8570670478,-71.4161544191,0.092929386
41.8588798979,-71.4190156591,0.103452
41.8577101985,-71.4312702752,0.09981761
41.857352265,-71.4308348952,0.100817546
41.856503424,-71.4162961997,0.10088191
41.8558449965,-71.3976520689,0.09768086
41.8570934403,-71.4244159239,0.09391066
41.8585398222,-71.4322809054,0.09892246
41.8568078609,-71.4154767704,0.10278865
41.8562453262,-71.4088580322,0.098234676
41.8582222359,-71.4207113927,0.09570225
41.8554113487,-71.4424428535,0.10065727
41.8574014051,-71.4143395316,0.0995029
41.859464445,-71.4264719169,0.09820516
41.8593815249,-71.4250931935,0.09768795
41.856609855,-71.3972854134,0.09580351
41.8563976284,-71.4138865557,0.10041385
41.8567763459,-71.425936155,0.10354217
41.8558496086,-71.4425108851,0.096027315
41.8563582589,-71.4137838207,0.098788016
41.8572923409,-71.4264663002,0.10614173
41.8599984397,-71.4254850055,0.10073828
41.8538573615,-71.4104924799,0.10409477
41.8570084491,-71.4196323316,0.10137066
41.8596312174,-71.4240342571,0.10515457
41.8571395516,-71.4163703967,0.09758964
41.8560547914,-71.4407951439,0.09955882
41.8574339059,-71.4145331333,0.10315973
41.8586002138,-71.4298686506,0.09659407
41.8571916306,-71.4177497877,0.10355119
41.8579209082,-71.4176518553,0.10660843
41.8593609368,-71.4201149244,0.09703052
41.8529512089,-71.410837832,0.10330482
41.8555755177,-71.3968075919,0.09579204
41.8554715919,-71.3977752839,0.09568882
41.8531361989,-71.4107688884,0.10084693
41.8599676332,-71.4264955614,0.102223545
41.8569152694,-71.4107282108,0.09733456
41.8577644702,-71.4218272314,0.09794099
41.8560056992,-71.3934307514,0.098766156
41.8592514227,-71.4250134722,0.1017756
41.8593137565,-71.4158962242,0.096086584
41.8547632472,-71.4033578771,0.10000454
41.8561499506,-71.4141669479,0.10421332
41.8583711559,-71.4126969477,0.099312715
41.8577994282,-71.4329010882,0.091553666
41.8556576725,-71.4375675532,0.091280766
41.8588223349,-71.4127053731,0.09971923
41.8598331609,-71.4243050386,0.100090496
41.8572090469,-71.4107679825,0.10050605
41.8549679216,-71.4097745958,0.09747969
41.857173062,-71.4122547506,0.0927398
41.8568022226,-71.4108750669,0.1025615
41.8553301602,-71.440456977,0.09513596
41.8590785807,-71.4176978772,0.09887047
41.8590897033,-71.4228744877,0.102769375
41.8546010377,-71.4034468442,0.094424985
41.8544684368,-71.4035187789,0.099021435
41.8596570823,-71.423782047,0.102376655
41.8543262008,-71.4036776875,0.09835128
41.8558651159,-71.3949042724,0.09460647
41.8592252355,-71.4156334994,0.09778129
41.8555370685,-71.4116041827,0.09994786
41.8597329573,-71.4230419035,0.10217663
41.8563286577,-71.4091952322,0.09688722
41.8572255902,-71.4138263099,0.09606002
41.8564254694,-71.4160721592,0.09794676
41.8592750779,-71.4210789304,0.09671048
41.8594480909,-71.4177099262,0.09476671
41.8598006614,-71.4270571412,0.092641234
41.8563446713,-71.4158398743,0.098190255
41.855828458,-71.4092372689,0.089180246
41.8561113538,-71.4114977326,0.09832885
41.8579685571,-71.4295509471,0.097830005
41.856115675,-71.3923226168,0.09580462
41.8566185054,-71.3982450408,0.09879784
41.8554902999,-71.4398757605,0.098584585
41.8560010451,-71.4421040541,0.099067554
41.8572218152,-71.4293795483,0.09995389
41.8578135084,-71.4250883015,0.10035515
41.8564193008,-71.4345775512,0.09905182
41.8563592493,-71.4199233188,0.10475846
41.8573184583,-71.4138445195,0.100170754
41.8555329952,-71.4152317113,0.09785024
41.8595946787,-71.425227995,0.104304485
41.8566821596,-71.4129858568,0.09954309
41.8556744847,-71.3996671729,0.09414305
41.8570665535,-71.4184048742,0.09889388
41.8590637134,-71.4231193604,0.09343685
41.8575280573,-71.4212563123,0.09388612
41.8559576888,-71.4028285134,0.09711793
41.8560385545,-71.3997605802,0.09719461
41.8589772023,-71.4261370884,0.10012171
41.8573438816,-71.4129326772,0.09779727
41.8587059861,-71.420854621,0.09736887
41.8556984268,-71.3999084374,0.10322152
41.8558702014,-71.399833784,0.10005062
41.8575177412,-71.4241540207,0.09749182
41.8578048884,-71.416709764,0.10197412
41.8028361996,-71.4396834406,0.10261869
41.8557847816,-71.4122441509,0.09904564
41.8556865843,-71.4376643931,0.098912895
41.8561876276,-71.4086351647,0.09735135
41.8588075398,-71.4117322852,0.09949967
41.8564286754,-71.4209529149,0.1018202
41.8589583231,-71.4241122574,0.097112715
41.858748588,-71.4122251259,0.09352562
41.8593397009,-71.4203540011,0.09806096
41.8583483333,-71.4134783333,0.09746912
41.85551863,-71.3982145995,0.10202448
41.8555340897,-71.3972501702,0.097276464
41.8019610479,-71.4392549556,0.099591605
41.801093487,-71.4392430885,0.0991067
41.8583546209,-71.4185835257,0.097598754
41.857884064,-71.4323933284,0.09600125
41.8585535456,-71.4299397647,0.09984558
41.8563999886,-71.4090140393,0.08652695
41.8585609548,-71.4176750474,0.098783225
41.8596784698,-71.4257827823,0.10337259
41.8588929588,-71.4133243212,0.0943094
41.8606525098,-71.4252899602,0.09665135
41.8574385266,-71.4204971389,0.09337041
41.8579917351,-71.431609266,0.0995679
41.8563894143,-71.4196736424,0.09922159
41.8573644178,-71.4176578345,0.1019015
41.8561760708,-71.4257358556,0.10019816
41.8604619669,-71.4257752632,0.09719859
41.8589085136,-71.4327469938,0.09716089
41.8555785739,-71.3987012978,0.097227044
41.8580921061,-71.4266367038,0.0963422
41.8568569302,-71.4231157367,0.098954834
41.8594000371,-71.4218269596,0.09699342
41.856990868,-71.4336818865,0.09413638
41.8560776546,-71.4157309794,0.0980334
41.8557036724,-71.4120346032,0.100862704
41.8601047284,-71.426052113,0.099960566
41.8586421337,-71.4249332073,0.101179786
41.8563468544,-71.4026571019,0.10279217
41.8558688525,-71.4028668363,0.09793139
41.8571165326,-71.42466605,0.099382006
41.8586594295,-71.4213180064,0.09689861
41.8585584934,-71.4333166264,0.10021074
41.8575498888,-71.4197844386,0.09808505
41.8584459785,-71.4244764398,0.09835143
41.8567844077,-71.4210376198,0.095816195
41.8580375897,-71.4135851452,0.09424536
41.8581867178,-71.4209492006,0.09445578
41.8578954881,-71.4246245586,0.095040955
41.8577607815,-71.4174525478,0.101679794
41.857348989,-71.4264123979,0.09846185
41.8563943394,-71.4340878212,0.10068799
41.8570056248,-71.4154084619,0.09833213
41.8577229245,-71.432973017,0.094124
41.8583077452,-71.4327358512,0.09370399
41.856654883,-71.4167316879,0.09539412
41.8554404319,-71.411341636,0.10138741
41.8566455347,-71.4155352946,0.09928233
41.8587706858,-71.4268203338,0.10135181
41.855303385,-71.4145649322,0.094020724
41.8598981585,-71.4267292889,0.09788616
41.8583674269,-71.4197389605,0.09696517
41.8519302906,-71.4112182444,0.10001384
41.8587555493,-71.4203618827,0.093731515
41.8592964471,-71.4208397637,0.09507217
41.8533184972,-71.4107009414,0.10188435
41.8591405789,-71.4223952505,0.097431906
41.8576996247,-71.4213065916,0.095689215
41.8597077053,-71.423287682,0.10131256
41.8583244197,-71.4241052818,0.09964284
41.8556075605,-71.4154490484,0.09858172
41.8572634424,-71.4360224592,0.098561384
41.8564148103,-71.4108953604,0.09733596
41.8563545214,-71.4108077541,0.09381333
41.8553047788,-71.4402095796,0.098009296
41.8590864563,-71.4132875395,0.10436671
41.856078373,-71.4109370346,0.100522414
41.8553427567,-71.414679082,0.10119224
41.8561871098,-71.3915161798,0.0942459
41.8562628545,-71.4207212674,0.093656
41.858908019,-71.4133210598,0.10308237
41.8587123088,-71.4133660857,0.103508174
41.8575032781,-71.4186669629,0.097707435
41.8566536452,-71.4104240798,0.099929504
41.8026614717,-71.4395844271,0.09662219
41.8564186973,-71.4194318475,0.09551109
41.8581879113,-71.4304960848,0.09782758
41.8577916184,-71.4215717583,0.10394763
41.8564729955,-71.4101121573,0.09728389
41.857393101,-71.4362553652,0.09031957
41.857643629,-71.4156973687,0.092805356
41.8594881362,-71.4248221409,0.10006043
41.8591663588,-71.4221526421,0.09194534
41.8559838784,-71.4423573384,0.095487446
41.8557667171,-71.4398223131,0.0987289
41.8587163151,-71.4247004751,0.09990067
41.8575811056,-71.4301223059,0.09227268
41.8559436629,-71.4142254723,0.10598076
41.8576880301,-71.4159328245,0.10480224
41.8598450739,-71.4253866222,0.09847048
41.8556218934,-71.4118232433,0.104888596
41.8569758034,-71.4297373839,0.09947188
41.8563835149,-71.4140879489,0.09297263
41.8554598776,-71.4351549716,0.09443922
41.8583649655,-71.4179626841,0.101850644
41.8557347518,-71.4070884971,0.099932574
41.8578205876,-71.41952072,0.10344247
41.8560102059,-71.4079503447,0.09728989
41.8561087399,-71.4397049101,0.10555638
41.8590873706,-71.4249063919,0.08893787
41.8567107567,-71.4300650523,0.09989439
41.8568409038,-71.4208258123,0.10031597
41.8590101271,-71.4216910697,0.0941191
41.8577384153,-71.4220734637,0.09577681
41.8592891015,-71.4161678271,0.101555176
41.8558771892,-71.4290529664,0.09746897
41.8589190401,-71.4244824189,0.0944535
41.8588693744,-71.4330725759,0.09486469
41.8553748436,-71.4182623697,0.09338766
41.8565822305,-71.3995322712,0.10297414
41.8600139835,-71.4243388296,0.09301799
41.8549288388,-71.403271175,0.102928385
41.8553778018,-71.4411166422,0.09515888
41.8541920386,-71.4102745056,0.09893601
41.8563071037,-71.4343698282,0.09553416
41.8592308264,-71.421576288,0.103736706
41.8577005894,-71.4244095824,0.10331363
41.8588342487,-71.4216395221,0.095345944
41.8591167333,-71.433019037,0.099405035
41.8574571012,-71.4303051188,0.096564494
41.8565871705,-71.3975198845,0.095928065
41.8560741731,-71.4410935421,0.09854775
41.8572865619,-71.4127050107,0.09932901
41.8588383536,-71.4265963904,0.10425606
41.858920862,-71.4177677253,0.10365759
41.8556509007,-71.3963293168,0.09679991
41.857347023,-71.4291973691,0.09974072
41.8553302579,-71.4344609618,0.09735532
41.8593720621,-71.4333586603,0.09690865
41.856833028,-71.4233626023,0.09615481
41.8527626351,-71.4109081345,0.09841355
41.8571153155,-71.4249110121,0.10013811
41.8575690715,-71.4236699838,0.10250877
41.8588949487,-71.4112646295,0.09762893
41.8589438068,-71.4136184843,0.10051043
41.8568132753,-71.4147568125,0.09573151
41.8582810974,-71.4127428796,0.099940516
41.8568594309,-71.4134529666,0.09525507
41.8556327465,-71.4427552915,0.09885087
41.8583321393,-71.4199755007,0.10072446
41.8561288806,-71.4084082203,0.09986097
41.8574702101,-71.4244138403,0.09527445
41.8570267649,-71.426298433,0.099873245
41.8553778952,-71.4346589916,0.10032637
41.8564438065,-71.4248632699,0.092317015
41.8572864857,-71.4244149274,0.09587684
41.8567741073,-71.4105806298,0.100930795
41.855575353,-71.4183253326,0.09246318
41.8591021869,-71.4148134344,0.103094846
41.8578860331,-71.4248688866,0.09889558
41.8579438174,-71.4308675986,0.091654785
41.8589502783,-71.4169497488,0.09705245
41.8572736652,-71.4145892117,0.09531209
41.8582371945,-71.4261901754,0.10383023
41.8565274882,-71.4347779363,0.10110698
41.8595731229,-71.4218938174,0.097373106
41.8582951808,-71.4202230933,0.09854097
41.8575821356,-71.4235464152,0.10379338
41.8573112991,-71.4211925345,0.103917345
41.8589480358,-71.4166978055,0.09961602
41.8561800617,-71.4133133592,0.095967226
41.8581359802,-71.4327774322,0.099712096
41.8514017727,-71.411412029,0.09728115
41.8561378435,-71.3920768172,0.09578767
41.8583126888,-71.4134903825,0.09851907
41.8561952789,-71.411718424,0.092203826
41.8569747597,-71.4220863279,0.099049345
41.8589124416,-71.4180238352,0.09942598
41.8558159711,-71.4073218747,0.10114535
41.8588640913,-71.4192639771,0.10614415
41.8559505306,-71.4077200478,0.09924726
41.8567318529,-71.4260584544,0.10371715
41.8584590375,-71.4255070194,0.102173105
41.8574914961,-71.4310043909,0.099586494
41.857018925,-71.413876409,0.09190957
41.8568164875,-71.4237329457,0.10558571
41.8595914563,-71.4336186545,0.095088296
41.8569452457,-71.4113506956,0.099878885
41.8562883977,-71.4396679499,0.09960364
41.8561914855,-71.415391883,0.09783825
41.8556166618,-71.4418081932,0.100234665
41.858281211,-71.4176697023,0.09836323
41.8563301775,-71.4201637544,0.09711808
41.8568837727,-71.4111306381,0.09080856
41.8579926512,-71.4317292988,0.09701048
41.8555538164,-71.4343836885,0.100000985
41.8584782154,-71.4215371517,0.09479118
41.8568148776,-71.4239724729,0.10123357
41.8564686416,-71.415599164,0.09514107
41.8565785806,-71.4165122679,0.0934378
41.859746135,-71.4219606752,0.097800545
41.8575359384,-71.4151147532,0.1010605
41.857986253,-71.4130969268,0.09892276
41.8575128033,-71.4200220659,0.10500113
41.8596782315,-71.4252808104,0.101793565
41.8568173242,-71.4153996742,0.10188366
41.856883068,-71.4228677838,0.101603344
41.8550992596,-71.4031914488,0.102592655
41.8576862405,-71.4225651126,0.09936856
41.8557689871,-71.4183879331,0.10402872
41.8562834963,-71.4119363068,0.10196329
41.8557612184,-71.441732552,0.0911097
41.8576474499,-71.4311941789,0.10137123
41.8576382401,-71.4194712558,0.09668354
41.856515305,-71.4125460155,0.10420848
41.8558945905,-71.4342680955,0.09638612
41.8551366129,-71.4096686887,0.10242183
41.856951609,-71.4223223231,0.100182235
41.8566318063,-71.3970509421,0.09879029
41.8555979568,-71.4368615903,0.09633096
41.8601646997,-71.4255917232,0.099026665
41.8577067954,-71.4299368658,0.09181617
41.8591857986,-71.4254465944,0.09405369
41.8584337033,-71.4301220342,0.09697942
41.8600462715,-71.4220736449,0.09548489
41.8576083667,-71.4232994591,0.100395195
41.8559317251,-71.4110056157,0.105956346
41.8588960215,-71.4185219218,0.094792485
41.8574971371,-71.425987249,0.095453374
41.8577121622,-71.4223211454,0.09759728
41.8555978066,-71.4143349112,0.09985033
41.8586667575,-71.4326488843,0.10084012
41.85926371,-71.417703947,0.10344242
41.8553606457,-71.397562285,0.09647661
41.8570181171,-71.4179062439,0.09813052
41.8563583159,-71.4093248756,0.100732274
41.8583801131,-71.4137254773,0.09633102
41.8572820483,-71.4193789407,0.098075025
41.8557745304,-71.4289256854,0.09410705
41.8562352866,-71.4092222299,0.09604639
41.8581053554,-71.4176639043,0.0968686
41.8560163841,-71.396271333,0.09107993
41.8604684054,-71.4257791586,0.09824063
41.8560993003,-71.4130944807,0.098478675
41.8552634916,-71.4182274003,0.096819885
41.8559280656,-71.4397840847,0.09794127
41.8560804546,-71.4259403222,0.096705735
41.8515818061,-71.4113467093,0.100218475
41.8569852399,-71.4303933546,0.09928736
41.8566049262,-71.4209904206,0.09691366
41.8570440149,-71.4193790313,0.10400534
41.8545263917,-71.410056803,0.102603145
41.8574919782,-71.4148635334,0.09663494
41.8572921915,-71.4333783184,0.09473333
41.8595675532,-71.4246045377,0.1010417
41.8582753551,-71.4319519708,0.10154457
41.8569741986,-71.4198768442,0.09587147
41.8593956431,-71.4267000277,0.10090964
41.8577305735,-71.4161580429,0.1006634
41.8583490862,-71.4189582226,0.10052943
41.8558419922,-71.39621951,0.10252398
41.8579678734,-71.4328181073,0.097680904
41.8568132064,-71.4242283066,0.098959595
41.8602168301,-71.4221367883,0.096579164
41.8590376648,-71.4233643236,0.09565384
41.8559323512,-71.3941522918,0.097214304
41.8581353057,-71.431782385,0.09935934
41.8016019888,-71.4392236119,0.09110198
41.857316925,-71.4186386975,0.094902344
41.8548039318,-71.4098775131,0.10270375
41.8588518922,-71.4114935652,0.094132766
41.8567337091,-71.4107812095,0.10620178
41.8559034291,-71.4075439276,0.09932389
41.8582996779,-71.4214846076,0.1036892
41.8598300958,-71.4220931224,0.09327336
41.8584343873,-71.4140112147,0.09562705
41.8582928265,-71.4243999796,0.097464845
41.858892387,-71.4247329979,0.09662376
41.852654688,-71.4109483591,0.097492285
41.8563891198,-71.4122136202,0.10060391
41.8554434855,-71.4419999683,0.10128146
41.8592115065,-71.4155053078,0.09477541
41.8559126114,-71.3985310622,0.09377217
41.8570651019,-71.4251433817,0.10110446
41.8553673891,-71.4408469605,0.09920624
41.8559429802,-71.4126707656,0.09829571
41.8563275848,-71.4141075174,0.09643553
41.8559039245,-71.3944671273,0.09308294
41.8575433991,-71.423911957,0.098399006
41.8585681967,-71.4251652145,0.09468461
41.8570596333,-71.41180449,0.10135898
41.8567968741,-71.4352768149,0.09993835
41.8570246507,-71.4216367137,0.095862016
41.8589076493,-71.426367283,0.100066856
41.855579447,-71.4366185387,0.10238029
41.8575745596,-71.4257651169,0.10166024
41.8579461117,-71.418734093,0.10180435
41.8565960537,-71.4147490213,0.098191515
41.8559084346,-71.4079415569,0.09588443
41.8552796433,-71.4399645374,0.09638051
41.8563389843,-71.4426371648,0.09834325
41.8582586569,-71.4204671525,0.0978509
41.8589452975,-71.4242347387,0.10060572
41.8023108381,-71.4393828671,0.09690746
41.8571887786,-71.4153456796,0.09469818
41.8567671239,-71.4132097181,0.10360564
41.8576842192,-71.4186944129,0.10123261
41.8584632061,-71.4141630523,0.096251585
41.8576601532,-71.4228111632,0.10433943
41.8589205133,-71.4164480363,0.095838144
41.8012331743,-71.4392375626,0.09612832
41.8574007145,-71.4103060331,0.100524634
41.8564584022,-71.4428267654,0.08931501
41.8564533395,-71.4246167676,0.09496253
41.855979197,-71.4091506587,0.095992684
41.8562971192,-71.4204373472,0.09451175
41.8593968427,-71.4340697937,0.09731629
41.8578567418,-71.4187205945,0.10278562
41.8557315172,-71.4343231743,0.09724852
41.8558835815,-71.3978906168,0.09970736
41.857087015,-71.419333372,0.10468919
41.8591147449,-71.4226388553,0.09396164
41.8593245965,-71.4164368026,0.10043142
41.8560667266,-71.4085548962,0.097170785
41.8565149786,-71.4145229867,0.09360779
41.8575562609,-71.4152346103,0.103630155
41.8553074359,-71.4095615133,0.10416597
41.8555385895,-71.3970418821,0.09591224
41.8559900792,-71.4404964736,0.09888978
41.8565760663,-71.4107861922,0.10840213
41.8560935083,-71.3925688692,0.09527901
41.8561770741,-71.4341768713,0.097483955
41.8566346097,-71.4349763283,0.09764881
41.8576340652,-71.4230572137,0.104689434
41.8017829225,-71.4392353884,0.101132765
41.8574510044,-71.4332288443,0.10334962
41.8575984449,-71.4154581078,0.09964948
41.8568487022,-71.4299222806,0.09383133
41.8589594598,-71.4176939816,0.105998464
41.8589763397,-71.4138639975,0.096601844
41.8588569595,-71.4129497998,0.10981791
41.8592572532,-71.4159259393,0.09651366
41.8574758134,-71.4202585154,0.10183458
41.8571548894,-71.4358273291,0.100324154
41.8562996741,-71.4156600437,0.09558751
41.8559816143,-71.3936673088,0.09519146
41.857577802,-71.4137238466,0.10244881
41.8574003299,-71.413156448,0.09532247
41.8573336344,-71.4304872069,0.09721145
41.8569960803,-71.4159353612,0.088505566
41.859494525,-71.4338600775,0.099182
41.8558387122,-71.4077068207,0.10066605
41.8592533227,-71.4213228078,0.09598716
41.8579229384,-71.4321552562,0.098980375
41.8558930693,-71.3945909776,0.09699885
41.857737769,-71.4176406216,0.09653634
41.8565622832,-71.4340171608,0.09868663
41.8570088103,-71.4146856954,0.09685245
41.8589278961,-71.417570411,0.09918334
41.855356743,-71.4407159696,0.09794862
41.8564855095,-71.4244198194,0.09941624
41.8559026373,-71.4287424188,0.09326992
41.855545938,-71.3984623881,0.09635512
41.8596824399,-71.4235338228,0.103145465
41.8578516474,-71.4136461159,0.093371354
41.8583092088,-71.4303115508,0.09749249
41.8584046547,-71.4194899181,0.10079486
41.8592968707,-71.4250789705,0.1017147
41.8559330485,-71.3916384003,0.09742828
41.8566802249,-71.4106431411,0.10270447
41.8579675811,-71.4318823971,0.09623692
41.8570406749,-71.4181381651,0.09590994
41.856671092,-71.4260714997,0.10108635
41.8589966798,-71.4328928445,0.09990187
41.8554994931,-71.4353949441,0.10083917
41.8569078197,-71.4203491996,0.092857406
41.8556073991,-71.3989480895,0.0990153
41.8557563391,-71.4111253836,0.094005406
41.8583628264,-71.4180862546,0.10300385
41.8599933601,-71.4205087349,0.09423052
41.8562229491,-71.4424529088,0.093752116
41.8564144512,-71.4098868445,0.09841653
41.8560558574,-71.3929388817,0.09517931
41.8554783896,-71.4094542472,0.09962332
41.8593279659,-71.4269247864,0.10453833
41.8584823194,-71.4326935454,0.09590298
41.856250989,-71.4375610308,0.098581105
41.858058087,-71.4267414282,0.10386206
41.8557164379,-71.3972120278,0.09810621
41.8560198766,-71.4128792259,0.09590462
41.8560158494,-71.4083443497,0.09381611
41.859941919,-71.4209950409,0.10002111
41.8583858687,-71.4257322319,0.09717828
41.8580346947,-71.4294533802,0.09976354
41.856473134,-71.4124348547,0.09919297
41.8588185925,-71.4197345214,0.10478211
41.8565125551,-71.4298254386,0.09227212
41.85782753,-71.4213441879,0.09734089
41.8592274206,-71.4217602829,0.09787826
41.8596072756,-71.4260097158,0.105510555
41.8585316376,-71.4252797232,0.10396763
41.8584098238,-71.4321192918,0.10156076
41.8558084014,-71.3974262954,0.10002995
41.8555198493,-71.4030173196,0.098919764
41.8579677546,-71.4143917144,0.09615627
41.8590241136,-71.4142243852,0.08879966
41.8588530001,-71.4193852823,0.09802756
41.8591937694,-71.4218943609,0.095299855
41.8574012113,-71.4207360341,0.099896766
41.8601781388,-71.4258204687,0.10403216
41.8571370157,-71.4335285171,0.099532
41.8557533245,-71.3986562701,0.09971247
41.8557166173,-71.4158464877,0.096417055
41.8578434972,-71.4326414559,0.1007876
41.8591159166,-71.4256778765,0.10296496
41.8560335887,-71.4112862819,0.0990459
41.8589845946,-71.4238646676,0.09875041
41.8014170533,-71.4392304966,0.09664814
41.8553546884,-71.4030886202,0.097861886
41.8583560913,-71.423739559,0.091569565
41.8575793669,-71.4331080873,0.10528371
41.8569184384,-71.4354656041,0.09946465
41.85816372,-71.4264162028,0.09943031
41.8543568428,-71.4101672398,0.10563561
41.8566042641,-71.4103131902,0.09664781
41.8579934553,-71.4128835745,0.0997214
41.8596687661,-71.4242744183,0.0961477
41.8568216154,-71.4234798295,0.10153753
41.8561201509,-71.4087758611,0.09811434
41.855456133,-71.3975374608,0.09914613
41.8536758373,-71.4105676746,0.098436564
41.8555315937,-71.4358866653,0.096868284
41.8569038022,-71.4255862877,0.092510924
41.8565313063,-71.4103404596,0.09594856
41.8567309469,-71.4339271142,0.09129364
41.856635228,-71.4148619933,0.10054367
41.8573730108,-71.4194024045,0.097106904
41.8562069944,-71.396328139,0.10207304
41.8568603878,-71.4261932556,0.098244876
41.8572147002,-71.4306674831,0.09545319
41.8568750329,-71.4205827498,0.10019251
41.8583114448,-71.4259613396,0.10306231
41.8577461058,-71.4136770089,0.09737378
41.8573621031,-71.41528634,0.10049727
41.8574055284,-71.4107648116,0.09566955
41.8578488451,-71.4297274189,0.09556779
41.8585299885,-71.4134189028,0.09732383
41.8564949209,-71.40986945,0.098157026
41.8580617719,-71.4306880472,0.091330945
41.8560589964,-71.4375956359,0.103077605
41.8593180871,-71.4205965201,0.09450388
41.8586826448,-71.421086812,0.092883974
41.8598314905,-71.426953504,0.10312388
41.858125293,-71.4214332411,0.09928711
41.856549878,-71.4100925885,0.09767132
41.8585920595,-71.4245820707,0.10530486
41.8570395636,-71.435646059,0.10079112
41.8592461461,-71.4331925176,0.09420006
41.8597581608,-71.4227954,0.10152675
41.8608092259,-71.4259944964,0.102555476
41.8568477805,-71.4338320851,0.09295988
41.8570525507,-71.4213958261,0.09162553
41.8032912222,-71.4401704453,0.099732116
41.8569965044,-71.4244159239,0.09498626
41.8557118543,-71.3959443587,0.10086874
41.8578573967,-71.4314475615,0.10116425
41.8587624736,-71.4119746288,0.09317309
41.8559653257,-71.4402515221,0.09724642
41.8569961901,-71.4218825838,0.09741733
41.8560302912,-71.3931906604,0.09755616
41.857003076,-71.4115800842,0.094849296
41.8600331712,-71.4201449109,0.08885588
41.8598005193,-71.4223822957,0.09246674
41.8561064725,-71.4090797217,0.10103945
41.8561906096,-71.4090360542,0.092068076
41.8599169509,-71.4212407302,0.09568204
41.857116623,-71.4107695226,0.102179006
41.8571274032,-71.4186098886,0.0988052
41.8587310415,-71.4206059418,0.09894979
41.8524641825,-71.4110193863,0.09743205
41.8571162356,-71.4120291674,0.10284486
41.8567380588,-71.4287966832,0.101123296
41.8030959809,-71.4398306473,0.09983682
41.8581179345,-71.4244026068,0.09927265
41.8564695632,-71.414055697,0.093930975
41.8559584999,-71.4110820787,0.10716871
41.8580914324,-71.4128359212,0.09001051
41.8574008234,-71.4104614054,0.097923085
41.857358775,-71.4140853216,0.09919829
41.8557578302,-71.3917213,0.10431228
41.8560697012,-71.442210314,0.096591696
41.857458007,-71.4133853825,0.09540371
41.8581322826,-71.4135533463,0.094867684
41.8587986391,-71.417685194,0.09763734
41.8587880501,-71.4124642983,0.099013284
41.8553312987,-71.4421242553,0.10044957
41.8556823197,-71.4156671101,0.09666705
41.8562921358,-71.4094400236,0.09850342
41.8569298444,-71.4107733276,0.1013824
41.8579888177,-71.4195663793,0.10143458
41.8561158758,-71.4151682948,0.09689208
41.8589422435,-71.4171871062,0.096799456
41.8555958452,-71.4112351858,0.1010676
41.8556919245,-71.4029431198,0.102332495
41.856116494,-71.3915516953,0.100257695
41.8567427659,-71.435176532,0.101446785
41.8570986718,-71.4295587379,0.09598228
41.8579980605,-71.4213952825,0.09687518
41.856036992,-71.4149409015,0.10241623
41.8562531482,-71.4209193047,0.10205121
41.8595851844,-71.4244828718,0.102250546
41.857858155,-71.4138424358,0.09418433
41.8565912982,-71.4290134685,0.08672765
41.8540258034,-71.4103828586,0.10732098
41.8568438456,-71.4139335746,0.092086546
41.8598747274,-71.4220098673,0.09524995
41.8563506562,-71.4096634341,0.09687199
41.8600197575,-71.4202676653,0.09837662
41.8590560345,-71.4144653682,0.100321606
41.8559597875,-71.4147152294,0.09531053
41.8567769016,-71.4244162863,0.0925671
41.8569152197,-71.422640486,0.095445655
41.8583783238,-71.4176707895,0.10171675
41.859752602,-71.4255462459,0.10033388
41.8562065559,-71.399687467,0.10132938
41.8555049795,-71.3980913846,0.09699977
41.8556143832,-71.3965607987,0.09959072
41.8608192666,-71.4257751726,0.09951042
41.8565988891,-71.4127664345,0.09957869
41.8577898356,-71.4164543779,0.0963547
41.8561814035,-71.4027310299,0.10284383
41.8032976245,-71.4399384478,0.09669109
41.8030120596,-71.4397830882,0.10195324
41.8556679552,-71.3962210502,0.09862642
41.8557795127,-71.4142774739,0.09857938
41.8587716088,-71.410919459,0.09317201
41.8590111161,-71.4236146316,0.102323055
41.8578188543,-71.4310578396,0.099000715
41.8555168475,-71.4356407142,0.09738974
41.8563724369,-71.3996152597,0.09796827
41.8552620306,-71.4422009834,0.100385115
41.8556518541,-71.4093453504,0.10109909
41.8565081108,-71.4025852577,0.09832304
41.8589328075,-71.417439321,0.10624424
41.8580450633,-71.413332203,0.094858095
41.8522810469,-71.4110876051,0.10092168
41.8559225877,-71.3981312483,0.09754536
41.8560232555,-71.4285564344,0.09591836
41.855419281,-71.4349095635,0.09893657
41.8586563988,-71.4215893334,0.0982741
41.8592322004,-71.4272424016,0.101165496
41.857105415,-71.4188615588,0.09948519
41.8570871296,-71.41910426,0.09327506
41.8592572782,-71.4252099671,0.0994413
41.8556739284,-71.439841065,0.09679651
41.8600353231,-71.426270893,0.1033583
41.8595356784,-71.4262381893,0.10011688
41.8565785897,-71.3980094829,0.096721955
41.8590470707,-71.425905716,0.10159115
41.8594905572,-71.4158660562,0.09944532
41.8565694039,-71.3977614222,0.09731916
41.85952048,-71.4335406562,0.094931
41.8562721745,-71.4089936551,0.09523218
41.8593815966,-71.4198833669,0.10210473
41.8589226563,-71.4247988586,0.1014424
41.8559574631,-71.3939052251,0.09504285
41.8588878353,-71.4187728673,0.09590383
41.8563626414,-71.4250871238,0.09596619
41.855943011,-71.4080699324,0.096733935
41.8590081833,-71.4141040748,0.102232106
41.8556323317,-71.4372923429,0.094282396
41.859640824,-71.4177132782,0.094965585
41.8561641925,-71.3917920738,0.09277241
41.854624856,-71.4099927515,0.100181416
41.8558646263,-71.4124584096,0.097874984
41.8575190968,-71.413627725,0.102365054
41.8556332823,-71.4415283661,0.09749511
41.8554214719,-71.4149076532,0.09588468
41.8573622956,-71.4209855286,0.10539718
41.8569427149,-71.4136724791,0.097447224
41.8592935228,-71.4342918301,0.099474385
41.8570051801,-71.421100854,0.09705205
41.8605427673,-71.425578225,0.098969996
41.8593458858,-71.4341793172,0.09668156
41.8587005369,-71.4270351274,0.100155264
41.8587975173,-71.4326013243,0.10170912
41.8562330895,-71.4109000714,0.09984689
41.8571190437,-71.4305531572,0.09913953
41.8557037421,-71.4426753024,0.1052773
41.8579016444,-71.4140601361,0.094763204
41.8607023243,-71.4251609566,0.09775351
41.8570835362,-71.4211234118,0.09559852
41.8541636514,-71.3960921269,0.09474279
41.8547944016,-71.4214211016,0.096095465
41.8550182893,-71.4424744688,0.10125722
41.8542912979,-71.4368668445,0.09611738
41.8540483915,-71.4164129762,0.09328053
41.8545585561,-71.3993849575,0.09588086
41.8547996974,-71.4405842539,0.0971243
41.8552982592,-71.4152243731,0.096850306
41.8536991097,-71.4198214008,0.1043802
41.8553910865,-71.4173588732,0.10128609
41.8535733964,-71.3927910217,0.1006933
41.8544444372,-71.4162784432,0.09853567
41.8540153569,-71.4327952785,0.09159109
41.8540183069,-71.4061712925,0.10246569
41.8544452719,-71.4382833889,0.09449747
41.8544162847,-71.4380253911,0.09382334
41.8545422746,-71.4124488065,0.1005292
41.8554712793,-71.4000072806,0.09658486
41.8547760975,-71.4180655991,0.090199396
41.8539114295,-71.4444958444,0.097859144
41.8547057944,-71.3955401932,0.09734421
41.8547212521,-71.4344977414,0.098000534
41.8536786028,-71.4019896655,0.103817575
41.8539847823,-71.4175460411,0.094827786
41.8547176952,-71.4146523564,0.09872425
41.8536257547,-71.4187621772,0.098742776
41.8548762711,-71.3928702972,0.09630796
41.8539978557,-71.3999124237,0.09527847
41.8540696198,-71.4303033976,0.09600477
41.8546234649,-71.4162176542,0.09173004
41.853878647,-71.4164837306,0.089724705
41.8539620016,-71.3926005794,0.098824695
41.8540263522,-71.4205416204,0.09488597
41.8537772946,-71.3992438044,0.094490826
41.8546093348,-71.4221318057,0.098567866
41.853813566,-71.4457238467,0.095400624
41.854496982,-71.4387697614,0.09693722
41.854485441,-71.4226029804,0.0952719
41.8539688594,-71.4466139555,0.09906001
41.8545092071,-71.4409266783,0.097383335
41.8541274209,-71.4305324119,0.0990213
41.854468773,-71.4445128748,0.10289295
41.854729984,-71.4401208028,0.09577557
41.8550796494,-71.3955637491,0.0978057
41.8548385697,-71.4153787468,0.097445965
41.8548099624,-71.4353900522,0.08535876
41.8536920043,-71.4185381381,0.09450928
41.8548831366,-71.4361265467,0.09468947
41.8544866193,-71.439755821,0.0948126
41.8535626696,-71.4065846872,0.097668156
41.854488022,-71.4015609545,0.09428786
41.8554974167,-71.4151279801,0.09974751
41.8549503825,-71.4416054567,0.10094674
41.8538296205,-71.4321975621,0.100093186
41.8543291902,-71.4395198373,0.09368657
41.8538736931,-71.4217494118,0.09726705
41.8532408589,-71.4033134842,0.09900112
41.8552000766,-71.4012480278,0.097492784
41.8548526767,-71.3960038828,0.09601545
41.853636679,-71.4202994637,0.09605304
41.8545499141,-71.4327690073,0.10519229
41.8542221684,-71.4455305335,0.09584596
41.8539325177,-71.4442541568,0.09789022
41.8538801408,-71.3984578581,0.09985274
41.8542301782,-71.3931949186,0.09737218
41.8546245936,-71.4206388273,0.09140561
41.8547231489,-71.4220999169,0.10177294
41.8540335738,-71.431771967,0.09968153
41.8547331085,-71.3943384751,0.100483224
41.854535567,-71.4394936572,0.09736858
41.8547732989,-71.3957689576,0.0975897
41.8548460735,-71.3931797883,0.10230154
41.8539882751,-71.4299798966,0.09670684
41.8542188196,-71.4163550863,0.095374
41.8539193267,-71.4167197294,0.0994422
41.8525683174,-71.4037205402,0.095811374
41.85411729,-71.3942971615,0.10256193
41.8545281862,-71.4325488724,0.0981125
41.8542255061,-71.4021769319,0.09721772
41.853859914,-71.4024784425,0.09698495
41.8543794331,-71.4244324118,0.094846025
41.8545861307,-71.4378027229,0.09803676
41.8538202494,-71.4223050198,0.09754001
41.8538054522,-71.4244326836,0.10212707
41.8550328167,-71.4235318298,0.10588351
41.854238672,-71.4412455494,0.09613633
41.8542277821,-71.3924703864,0.104033045
41.8547650553,-71.4377736438,0.09829668
41.8549317359,-71.4244353107,0.0941303
41.8542494827,-71.4401022321,0.09106797
41.8522312212,-71.4039226638,0.095703386
41.8536873564,-71.4401118345,0.09909793
41.8550894302,-71.4414489202,0.09896105
41.8542009009,-71.3962109936,0.096802264
41.854117941,-71.4205578366,0.09662065
41.8543380375,-71.3966273894,0.092800155
41.8544780579,-71.4363420594,0.095780976
41.8540519167,-71.4220451986,0.09936965
41.8538740703,-71.4449321136,0.094686694
41.8547079657,-71.4004639884,0.09914169
41.8547514278,-71.4043891512,0.097277924
41.853802142,-71.4160649116,0.09922659
41.8548097893,-71.4417637144,0.09911964
41.8543262008,-71.4036776875,0.09836665
41.8540034242,-71.4437343649,0.09480675
41.8540727448,-71.4427043811,0.092948474
41.8545156043,-71.4040107248,0.09633772
41.8554026918,-71.3998008966,0.09449867
41.8546585845,-71.4338685929,0.09196493
41.8548940164,-71.4161257912,0.1004394
41.8556190531,-71.4158795548,0.09762723
41.8539890274,-71.4028391133,0.0925762
41.8537713584,-71.4319495248,0.102767766
41.8544263297,-71.4179500009,0.09686401
41.8548036037,-71.4161565028,0.102963015
41.854939305,-71.4116841788,0.09719865
41.8546855588,-71.3948271719,0.095869064
41.8537646903,-71.4227935882,0.09542369
41.8539899945,-71.4148866351,0.10123411
41.8536375254,-71.4405931316,0.09830617
41.8547568865,-71.4348552095,0.08888777
41.8550742856,-71.4160645492,0.09707838
41.8541926742,-71.4244325024,0.0976052
41.8540138056,-71.4235475929,0.10019218
41.8538418768,-71.4205132646,0.09636419
41.8541423441,-71.3940576146,0.09720974
41.8543824557,-71.4235415232,0.0978844
41.8541409862,-71.401222932,0.09050457
41.8547544493,-71.4362893363,0.08833678
41.8539272221,-71.429734485,0.09673289
41.8548896503,-71.404624252,0.10189437
41.8540913737,-71.3945346243,0.10282002
41.8537021471,-71.3990174883,0.091802604
41.8542474639,-71.4035192319,0.09955715
41.8542099706,-71.4316913413,0.10003818
41.8543741106,-71.4170222244,0.0929721
41.8555043967,-71.3910211365,0.10023422
41.8540972889,-71.4189987181,0.10060781
41.8546443777,-71.4126546396,0.10067717
41.8543387357,-71.4461010516,0.0940274
41.8540373385,-71.3950301158,0.100483514
41.8553286351,-71.3995780236,0.09687037
41.8542236628,-71.4059612882,0.099886455
41.8538349239,-71.4318628295,0.09929476
41.8540641923,-71.4030594476,0.101574175
41.8540795288,-71.4212968075,0.09604008
41.8527353231,-71.4036203391,0.0915003
41.8539974763,-71.3900945594,0.09903227
41.8546337809,-71.4336199227,0.09996173
41.8548339764,-71.4356313834,0.099295
41.8549501298,-71.4377436587,0.09577593
41.8542673686,-71.4366242459,0.09566736
41.8552554611,-71.4160030354,0.09772723
41.8543156917,-71.4371144254,0.10314412
41.8540063314,-71.4018245049,0.09509968
41.8551601988,-71.3969136839,0.09566624
41.8538272752,-71.4454800764,0.095383815
41.8550472094,-71.443895611,0.09736588
41.8546003912,-71.395536841,0.0931934
41.852900999,-71.4035209533,0.09994986
41.8545600373,-71.3972804304,0.10107948
41.8549043744,-71.3983017559,0.10000383
41.8546084839,-71.4399380855,0.09263392
41.8541127879,-71.402635449,0.09665941
41.8543730803,-71.4410871104,0.09742933
41.854670798,-71.3922531261,0.10471904
41.8544466808,-71.4447560117,0.098720714
41.854390438,-71.3981551664,0.0940558
41.8550250131,-71.4013249458,0.097674474
41.8537345127,-71.4396641452,0.09991344
41.8536526034,-71.3897972062,0.09188607
41.8545760757,-71.4455857012,0.099759586
41.8537741203,-71.4464815173,0.10060738
41.853757621,-71.4183164544,0.09395052
41.8555114781,-71.401111043,0.102131136
41.8545774115,-71.4363231262,0.09982494
41.8549007012,-71.3926196055,0.08897933
41.8537983065,-71.4241994982,0.099157564
41.8549774791,-71.3985215493,0.0954548
41.8548509079,-71.4403027047,0.08951854
41.8537049837,-71.4398863593,0.09738039
41.855165444,-71.4423094173,0.09542513
41.8553778018,-71.4411166422,0.095341116
41.8537713882,-71.3899028473,0.09697834
41.8545337504,-71.4347532958,0.09784538
41.85418801,-71.3982914276,0.096501455
41.8542539912,-71.3929488478,0.0989438
41.8541714672,-71.4148282014,0.103106916
41.8545490672,-71.4392698122,0.09713128
41.8543729292,-71.4456172255,0.09870189
41.8538225657,-71.4293192145,0.101152815
41.8540710732,-71.4001425444,0.092785776
41.8547747996,-71.3939111141,0.09536339
41.8544637768,-71.3991034667,0.097534604
41.8544475327,-71.4213632125,0.104631364
41.8548509643,-71.4235336416,0.09298201
41.8551671551,-71.3990922325,0.089789204
41.8548751399,-71.3955508839,0.09717694
41.8541789283,-71.4017166024,0.1002195
41.8542431201,-71.4363766646,0.094508894
41.8552398268,-71.434490313,0.09931655
41.854084845,-71.4378949427,0.10010377
41.8552468155,-71.3993319572,0.09616523
41.8542090407,-71.4006700095,0.09923059
41.8547091609,-71.3945846356,0.09786918
41.8541151597,-71.4402655634,0.10158857
41.853856847,-71.4323132463,0.09554475
41.8541298636,-71.4156166488,0.095404826
41.8537119869,-71.4155354758,0.09194888
41.8537857632,-71.4227017269,0.09077574
41.8551289488,-71.3989772624,0.09191882
41.8537808412,-71.4022645404,0.097096376
41.8548624684,-71.4175427797,0.10166744
41.8545043265,-71.4004050993,0.09647052
41.8542323646,-71.4362569052,0.09833805
41.8548581631,-71.4358750698,0.09139231
41.8543807763,-71.432635024,0.09411369
41.8547038263,-71.3998224592,0.10208659
41.8545233286,-71.4390189716,0.09809221
41.8544239886,-71.4396650511,0.09645099
41.8540295976,-71.44319419,0.10415832
41.8538467706,-71.4350043206,0.10052994
41.8537644074,-71.4007573465,0.0987879
41.8547980382,-71.3979818502,0.10060738
41.8541930389,-71.3935684639,0.10240596
41.8541676527,-71.3938139,0.09838577
41.8538574075,-71.4394784382,0.094715536
41.854565825,-71.4244323212,0.100878835
41.854913017,-71.3924926741,0.09731322
41.854271358,-71.4190849635,0.1005977
41.8547825897,-71.4351141155,0.09149887
41.8535950438,-71.4017835545,0.10178491
41.8538508627,-71.3994654999,0.10115875
41.8547510983,-71.3941539226,0.09465785
41.8552309432,-71.4144870204,0.09059129
41.8544131899,-71.3968484522,0.09579169
41.854189542,-71.3902502122,0.09415061
41.8541212982,-71.4226991903,0.09168438
41.8536683946,-71.4152952183,0.092993096
41.8542687985,-71.3964237216,0.09994623
41.8540512629,-71.4429485156,0.09484177
41.8546035657,-71.4333138181,0.09580082
41.8539604785,-71.4439601094,0.10406158
41.8539267309,-71.4189141939,0.09718256
41.8539406673,-71.4227469328,0.09346293
41.8546410331,-71.3953120627,0.095609754
41.854394986,-71.4399185183,0.098022535
41.8549372237,-71.3922441567,0.09788245
41.8547159494,-71.4346832697,0.09205888
41.8538457959,-71.4019247972,0.099607736
41.8543694755,-71.4376039701,0.09911076
41.855434003,-71.4159424275,0.097135864
41.8537826956,-71.4462218948,0.09770311
41.8539581738,-71.4207703691,0.0949595
41.8540112812,-71.3952689372,0.09789742
41.8530714472,-71.4034181247,0.100620605
41.8553606457,-71.397562285,0.09686878
41.8543465625,-71.3903702587,0.09739886
41.8540137029,-71.4300817211,0.098259985
41.8547947953,-71.4044522072,0.09754778
41.8538942647,-71.4446960428,0.09475524
41.8541425921,-71.4060434599,0.10132426
41.8537498395,-71.4290416424,0.10033274
41.8543158183,-71.4016361511,0.0871774
41.8542084995,-71.4393323185,0.086534806
41.8540392248,-71.4007450251,0.09902499
41.8548780262,-71.4003939556,0.09861707
41.8536557679,-71.4351072307,0.10338086
41.8545922459,-71.4420014177,0.099521674
41.8542814009,-71.4019433698,0.09665307
41.854249091,-71.4178987246,0.09457963
41.8538824284,-71.422018836,0.09967748
41.8541456465,-71.4003768325,0.09120615
41.8542362894,-71.4309667957,0.09592799
41.8534087361,-71.4032097496,0.10034735
41.8541505514,-71.3902190454,0.099155694
41.8537980874,-71.4239459293,0.098669596
41.8543021373,-71.4155588493,0.09145027
41.8545732418,-71.4235383524,0.09619217
41.8543023529,-71.4226513571,0.09083106
41.8543796851,-71.4454947516,0.09355749
41.8543711624,-71.400602876,0.09876692
41.8545366185,-71.4005346553,0.0993854
41.8544165284,-71.4221018194,0.097518325
41.8539836549,-71.4212795042,0.0976417
41.8546686626,-71.3905871577,0.09511141
41.8543929669,-71.4196852384,0.09392996
41.8541706999,-71.4024060546,0.092945166
41.8549541581,-71.4438833816,0.10146676
41.8539585697,-71.4156741765,0.106031075
41.855106177,-71.4244369414,0.09910591
41.8540502028,-71.3983562965,0.09729659
41.85463105,-71.3996033007,0.095906205
41.854535611,-71.4437648929,0.097997144
41.8541658007,-71.4306846048,0.09616532
41.854877065,-71.4426329072,0.101260334
41.8540517051,-71.4009624615,0.096329495
41.8548500955,-71.4014018638,0.10305018
41.8539929011,-71.4379130605,0.10142756
41.8544873439,-71.3970666158,0.0979934
41.854627179,-71.4430048613,0.09930943
41.8540749795,-71.3958090933,0.09668817
41.8541919871,-71.4170881771,0.09980648
41.8548390015,-71.3981049745,0.096584775
41.8550738752,-71.4145375725,0.094640456
41.8546610904,-71.4154382676,0.09551006
41.854218111,-71.3933194035,0.09901737
41.8545593531,-71.3980559603,0.09878832
41.8546674913,-71.4235367218,0.09339967
41.8538074093,-71.4149454313,0.09985297
41.8542366284,-71.3955263314,0.103421666
41.8545288507,-71.4438192456,0.09887916
41.8542613382,-71.4378600659,0.10215725
41.8547985961,-71.3936671276,0.09068146
41.8537105974,-71.4064764237,0.1008594
41.8548954052,-71.4145951004,0.09184682
41.855309503,-71.3973555373,0.09629531
41.8546277373,-71.4335591366,0.09707863
41.854492654,-71.3923404651,0.0964539
41.8543493092,-71.4205971542,0.09972608
41.8544768843,-71.4177706244,0.091140084
41.8545362828,-71.4147106996,0.09833479
41.8550381537,-71.4174817191,0.09769713
41.8538494807,-71.4219764384,0.09786393
41.854404082,-71.4038270832,0.09691891
41.8544229701,-71.4194350183,0.09927988
41.85379889,-71.4225508894,0.09024446
41.8545140055,-71.444014009,0.09576528
41.8544452847,-71.4192107079,0.105372004
41.854626664,-71.4213955543,0.09768268
41.8540642188,-71.3947839557,0.0993176
41.8545531942,-71.4435232955,0.099808775
41.8547371525,-71.4346570892,0.095020495
41.8548224147,-71.3934219631,0.09842019
41.8542778464,-71.3927025956,0.10190864
41.8543314199,-71.4004747696,0.10185368
41.8558565076,-71.3911744333,0.09916663
41.8539971447,-71.4454990092,0.10190292
41.8537162706,-71.3985557052,0.09868826
41.8546210777,-71.4176267606,0.09504426
41.8546766233,-71.4225056835,0.100083604
41.8543354603,-71.4201655663,0.09305392
41.8536692822,-71.4200498782,0.09606223
41.8553332881,-71.4011894106,0.099137805
41.8540021864,-71.4171875592,0.0954907
41.8540043026,-71.424432593,0.10028929
41.8552360726,-71.3971381893,0.097253226
41.8547619849,-71.4217341015,0.10436858
41.8540075382,-71.4434432159,0.09325537
41.8543509551,-71.4314258197,0.0992728
41.8539168056,-71.4177781437,0.090727605
41.8551033694,-71.3977236423,0.097257055
41.8549976387,-71.3907711684,0.100785226
41.8546618019,-71.3950709764,0.09976926
41.8536277721,-71.4150705429,0.09305941
41.853961773,-71.4389612665,0.10080166
41.8535784974,-71.4031050184,0.09855343
41.8538974172,-71.4178440963,0.09064102
41.8550720194,-71.3966528479,0.09810734
41.8538525303,-71.445183403,0.094846584
41.854165327,-71.4348947067,0.100871935
41.8546202149,-71.4118985284,0.09931664
41.8543639329,-71.4199276673,0.09430393
41.854457164,-71.412007968,0.09991836
41.8552190952,-71.4002534372,0.1019152
41.8547807533,-71.4117907194,0.09549436
41.8536260771,-71.3987887259,0.09666055
41.8537452639,-71.4030020991,0.098638795
41.8546868293,-71.4438464219,0.09454708
41.8547998229,-71.413103359,0.1037126
41.8544917214,-71.4442595015,0.10542456
41.8546831281,-71.43411527,0.092004694
41.8539149879,-71.4325408098,0.09532958
41.8547366297,-71.4418447908,0.102636755
41.8550473989,-71.4003241947,0.096962534
41.8547243555,-71.412885477,0.09808441
41.8544404889,-71.4206109244,0.100709535
41.8537951092,-71.4237056773,0.10202771
41.8541473209,-71.4032971766,0.09951499
41.8556930102,-71.401025065,0.098413736
41.8542642477,-71.3985159322,0.092976786
41.8542628855,-71.4213298741,0.09722776
41.8544752743,-71.4336233652,0.096599594
41.8546040739,-71.418008253,0.09590043
41.8547204102,-71.3979614654,0.10350906
41.8550262637,-71.4181490364,0.0942301
41.8541906888,-71.3982724017,0.09856416
41.8541586338,-71.4005451647,0.09811634
41.8551082088,-71.4181763958,0.098662876
41.8543670595,-71.4458548358,0.099940404
41.8553932618,-71.400181683,0.096847385
41.8539803366,-71.4393140196,0.09364862
41.8545718911,-71.4432672943,0.09192264
41.8538301859,-71.4454439321,0.08869685
41.8556777644,-71.3910966071,0.097027026
41.8539092805,-71.4029028943,0.10034483
41.8542174985,-71.4014425425,0.0893991
41.8544165534,-71.3955314956,0.09921498
41.8538203215,-71.4235508542,0.09898211
41.8542924709,-71.4311918235,0.0951424
41.8542088596,-71.435994467,0.10057043
41.8555685688,-71.4172971784,0.09997644
41.8543033469,-71.4336702003,0.101696424
41.8543448499,-71.3987533923,0.100290015
41.8547390459,-71.442787722,0.1015107
41.8543418449,-71.4373536719,0.09887038
41.8540421204,-71.3955207142,0.10285475
41.8547488783,-71.4218578519,0.10459688
41.8548734411,-71.4346250204,0.09471014
41.8536043226,-71.4008568237,0.09109106
41.8544466224,-71.4421594034,0.10184358
41.854245618,-71.4437734988,0.09844164
41.8552114683,-71.4174213833,0.1002615
41.8548494655,-71.400266121,0.094381
41.8543546801,-71.414769224,0.09924479
41.8536982087,-71.4288443343,0.098967746
41.8542626344,-71.4423588784,0.0983471
41.855018944,-71.4153181388,0.10066702
41.8543492535,-71.4348240466,0.10608642
41.8540079547,-71.395595459,0.097974405
41.8540482036,-71.3925583596,0.102716275
41.8544485875,-71.4318249626,0.098342165
41.8542310988,-71.4220730107,0.096397065
41.8539852101,-71.4436972239,0.09905105
41.8540215795,-71.4173150255,0.094897225
41.8553343731,-71.3909411359,0.09830917
41.8544236783,-71.3989855069,0.09767822
41.8561535227,-71.391309338,0.098067194
41.8544246998,-71.4449980612,0.10118
41.853751806,-71.4157553494,0.09667702
41.8546297558,-71.404198262,0.09464116
41.8541464736,-71.4424747405,0.09795184
41.8544020391,-71.4452479012,0.09452636
41.8539432843,-71.4210167833,0.09317621
41.8520688726,-71.4040200564,0.10136727
41.8544056237,-71.4378319832,0.09521987
41.8552789462,-71.3976134736,0.09400025
41.8523979808,-71.4038227345,0.0992664
41.8537610506,-71.4188321158,0.09277554
41.854937852,-71.3978273785,0.09401365
41.8537830477,-71.4157331537,0.097299375
41.8549409818,-71.440438497,0.09830106
41.8539356311,-71.4006530676,0.09944615
41.8535658301,-71.398607256,0.10084343
41.8539000002,-71.4215029074,0.09405911
41.854507129,-71.3904799766,0.10059731
41.8544808461,-71.4154987849,0.08192894
41.8552548667,-71.44126258,0.097604275
41.8537991983,-71.4459737767,0.097275294
41.8542988451,-71.4017046434,0.093866006
41.8542003582,-71.4235445128,0.096950226
41.8543801524,-71.4316134332,0.091536365
41.8538504842,-71.438792771,0.09887766
41.854987429,-71.3964025213,0.10083601
41.8545064506,-71.4122401647,0.08933652
41.8549295505,-71.396231288,0.09908448
41.8547748592,-71.4000364533,0.0955185
41.8547343065,-71.397793132,0.09892883
41.8546763405,-71.4003357913,0.09726118
41.8538459071,-71.4063492253,0.1023622
41.8551638286,-71.3908597762,0.097915635
41.8538689537,-71.4295004877,0.09122778
41.8552620306,-71.4422009834,0.10061185
41.8549951771,-71.4048158657,0.10323094
41.8540659956,-71.417845727,0.10241174
41.8536670831,-71.4403473649,0.09832735
41.8536125034,-71.4204801979,0.096042596
41.8552068801,-71.4152549941,0.10226585
41.8546777062,-71.4014776946,0.0969257
41.8542002285,-71.4327122977,0.098879896
41.8547083306,-71.434367654,0.09268602
41.8543154009,-71.3924274417,0.09793675
41.854477839,-71.4320515299,0.096921004
41.8550552641,-71.3987557478,0.09505621
41.8539360932,-71.4026938847,0.09615409
41.8540987153,-71.4391684433,0.102724575
41.8546316288,-71.3974911645,0.0942609
41.8539743317,-71.4028020588,0.1012694
41.8519248979,-71.404106396,0.0959984
41.8560411846,-71.3912548869,0.09841155
41.8548119353,-71.4206720751,0.10600813
41.8550583894,-71.4345569873,0.09541254
41.8545790514,-71.4330646945,0.09555041
41.8545016816,-71.4322808148,0.096561745
41.8538313953,-71.41622463,0.09371072
41.8539835735,-71.4349577573,0.096203335
41.8546507816,-71.4407598144,0.09567215
41.8544713268,-71.4385268923,0.09312393
41.8547514174,-71.4244335895,0.093201354
41.8548045919,-71.3921875313,0.102585755
41.8543043887,-71.4204247547,0.103692636
41.8539495579,-71.4168953921,0.10165993
41.85382197,-71.4180990284,0.09091106
41.854068702,-71.4005843939,0.09699799
41.853741535,-71.3927086659,0.10199134
41.8548331661,-71.3906805674,0.09734731
41.8539229248,-71.3996825746,0.09953112
41.8543372615,-71.4437882646,0.10100206
41.8521168554,-71.3934977956,0.098884
41.8517453535,-71.3911742521,0.093736365
41.8502920363,-71.4199889992,0.10156464
41.8521710861,-71.4009539452,0.09668558
41.8522894325,-71.4423066091,0.103372574
41.8522598952,-71.430606153,0.09914479
41.8531130128,-71.3912030632,0.10096402
41.8515161318,-71.3950883716,0.09952621
41.8513764166,-71.4174778236,0.10079959
41.8514168296,-71.3938440699,0.09762481
41.8521820699,-71.4228710452,0.09674762
41.8515871652,-71.3930084629,0.09522484
41.8527772446,-71.4173447405,0.09892657
41.8530836359,-71.441960019,0.09693238
41.8524191798,-71.4210768468,0.089014694
41.8510176207,-71.3869533124,0.10018593
41.8529043074,-71.4449375489,0.09506554
41.8515592001,-71.4123013168,0.098047346
41.8521266818,-71.4193049255,0.102336966
41.8520778197,-71.4231146496,0.099821
41.851763374,-71.397485185,0.101459086
41.8533681654,-71.4161224392,0.09829396
41.8522128859,-71.4439886445,0.093379326
41.8522646322,-71.4229731434,0.104380436
41.8527212049,-71.4411783329,0.09645436
41.8519234549,-71.4311173578,0.09827093
41.8526789007,-71.4127783931,0.095115304
41.8513140843,-71.3977900516,0.11217717
41.8516634824,-71.4169001031,0.10503019
41.8520771091,-71.4372487694,0.09589012
41.8518428299,-71.4406427741,0.099369116
41.8519197827,-71.42323541,0.09432434
41.8515037174,-71.4168705693,0.09518862
41.8521391209,-71.4308018295,0.093967624
41.8509991551,-71.421216723,0.100518644
41.8518655199,-71.3882694847,0.099145256
41.8515276541,-71.4441921949,0.10002394
41.853015498,-71.401211879,0.108595036
41.852594288,-71.4210982268,0.091084905
41.8516042984,-71.4458355407,0.090004206
41.8512207553,-71.4022897266,0.10178576
41.8510481292,-71.4433644045,0.09944942
41.8527256593,-71.3991446892,0.09419176
41.8527104449,-71.4053864484,0.100481026
41.8524820413,-71.4221080703,0.09082154
41.8528480864,-71.401455951,0.0988743
41.8513511316,-71.4202374071,0.10202136
41.8523217114,-71.4016254605,0.103725895
41.8528223962,-71.4429113746,0.099049196
41.849764734,-71.3868684184,0.10692279
41.8514520395,-71.390992416,0.0952329
41.8529032429,-71.4343501702,0.09854029
41.8526375363,-71.4392918253,0.093991965
41.8524773246,-71.4203024533,0.091272704
41.8526110422,-71.395707984,0.098629184
41.852966937,-71.4057416805,0.101906106
41.8519798964,-71.4129648386,0.09928454
41.8515229058,-71.4295008501,0.10104
41.8519426364,-71.3935867651,0.10059492
41.8516903459,-71.397274632,0.098822795
41.8526539407,-71.4244388439,0.0967064
41.8522298278,-71.4453636718,0.10423091
41.8508444498,-71.4200704429,0.10123078
41.8520604803,-71.3957643371,0.09593223
41.8516392615,-71.4157189303,0.09577596
41.8490517267,-71.3868494825,0.1005393
41.8521571236,-71.4129199938,0.10066152
41.8516901923,-71.402012315,0.09556657
41.851662673,-71.38773122,0.10072791
41.8481633515,-71.3868269227,0.10035727
41.8470196084,-71.3867969334,0.10063763
41.8527424206,-71.446099874,0.10100916
41.852510481,-71.4169506548,0.10773442
41.8515975842,-71.4125419387,0.09614236
41.8526952553,-71.4169575399,0.1008911
41.8516279503,-71.4014745237,0.09688332
41.8522186421,-71.393734806,0.09648592
41.8524697759,-71.4378351538,0.09098797
41.8516463242,-71.403321638,0.098326884
41.8532742743,-71.4161170035,0.098986745
41.8525233918,-71.4227855254,0.102020614
41.8520418946,-71.4379528292,0.094943985
41.8525235396,-71.4016520058,0.101921774
41.8517769361,-71.3936714764,0.098779485
41.846837777,-71.3867896852,0.10061907
41.8516156736,-71.4426122531,0.10232818
41.8530752609,-71.4436262937,0.09786053
41.8529293595,-71.4385371289,0.100388825
41.8514046327,-71.4296926318,0.10020405
41.8522994369,-71.4246520987,0.09643069
41.8519043426,-71.4152943123,0.09907239
41.8524878891,-71.4235889938,0.1022595
41.8514707169,-71.4194259589,0.10278687
41.8503004753,-71.3868863576,0.10204405
41.8528198943,-71.3985604163,0.09366783
41.8517213468,-71.4217903599,0.09161742
41.8528010516,-71.4457915153,0.10203075
41.8521699869,-71.4461436276,0.10058361
41.8522064847,-71.4459134457,0.09522468
41.8520413245,-71.3962336435,0.09799859
41.8513855232,-71.3944351454,0.09892102
41.8517951914,-71.4179256311,0.09594789
41.8521659242,-71.4295974204,0.097010106
41.8522342764,-71.3906843726,0.09901688
41.852984621,-71.3990016335,0.08409703
41.852220929,-71.4144996131,0.09946269
41.8520871338,-71.4226483676,0.09510493
41.8517196196,-71.4130314263,0.09959625
41.8519667215,-71.4424525465,0.09434466
41.8523536554,-71.3971669093,0.10779108
41.8522826043,-71.3939765275,0.10035133
41.8512426992,-71.3981311577,0.09321815
41.8528893923,-71.4436814617,0.09909987
41.8514881276,-71.4306627723,0.0975074
41.8518154588,-71.3955724467,0.09714904
41.8528016524,-71.4479860739,0.093578964
41.8523722161,-71.443916265,0.10172624
41.8517047008,-71.3872197727,0.10221529
41.8515177133,-71.3893621388,0.10086204
41.8515346777,-71.3871315264,0.100069456
41.8524401597,-71.4184615861,0.10587461
41.8514792144,-71.39611677,0.10239627
41.8528383148,-71.4055635662,0.103909485
41.8521686687,-71.4485231617,0.09927013
41.852641677,-71.4421527905,0.091336325
41.8527219013,-71.4382200672,0.1022006
41.8520975049,-71.4007347875,0.09501397
41.8525400515,-71.4389965961,0.09509351
41.8527057742,-71.3890694963,0.10054259
41.8524589774,-71.4027691717,0.1014399
41.8531082907,-71.4145401091,0.09836989
41.8524567368,-71.4050395509,0.09919216
41.8536591441,-71.4397631587,0.09839797
41.852188182,-71.3909675914,0.098167725
41.8521536555,-71.4160526813,0.10266961
41.8516853639,-71.4439721576,0.09785696
41.8520424752,-71.4195263369,0.096784644
41.8525843909,-71.4052118672,0.10222558
41.8518524673,-71.4141306192,0.09277906
41.8523836919,-71.3993320478,0.09625743
41.8510980974,-71.443120995,0.09722184
41.8519977317,-71.4224386446,0.10316088
41.8516239403,-71.3992968954,0.0947514
41.8515958378,-71.4201779776,0.09960178
41.8512308543,-71.4304183577,0.0997017
41.8516164847,-71.4032299529,0.099050604
41.8525987247,-71.4188313004,0.09384935
41.8519208592,-71.418036156,0.09683706
41.8516120996,-71.4472380993,0.09606438
41.8523833167,-71.4404054321,0.09955252
41.8511795467,-71.4483820279,0.10130518
41.8523341464,-71.4187458703,0.09539809
41.8514491565,-71.4211518581,0.093572125
41.8520279765,-71.3874212712,0.09734016
41.8510192758,-71.4200958092,0.09733432
41.8527147174,-71.3881077608,0.09932208
41.8522997953,-71.4216754876,0.09264584
41.8516531383,-71.444782735,0.100961976
41.8511524285,-71.397865702,0.09544713
41.8516329349,-71.4501149441,0.105766706
41.8523984884,-71.4233818986,0.09742009
41.8477269367,-71.3868150538,0.10079285
41.8511510559,-71.4207749893,0.09833238
41.852037002,-71.4440685428,0.09094385
41.8529330027,-71.4136341573,0.09893479
41.8518377169,-71.4019270621,0.09915143
41.8523444947,-71.391007637,0.09717016
41.8521326085,-71.4419236025,0.094702475
41.8532675265,-71.424448809,0.096123695
41.8513571729,-71.4006668386,0.09346903
41.8516988494,-71.4402186385,0.09827596
41.8512991516,-71.4476636759,0.099266335
41.8525213799,-71.4182442508,0.10414763
41.8534368148,-71.4063976948,0.10277953
41.8513653907,-71.3870621253,0.101380505
41.8506584936,-71.386904478,0.1031848
41.8521871471,-71.3936157572,0.106754445
41.8520212128,-71.4005077475,0.09484019
41.8527362231,-71.3924786311,0.10298952
41.8511049887,-71.3911689972,0.10571547
41.8517487474,-71.4152879707,0.09844815
41.8526270608,-71.4026679737,0.09581507
41.8519927255,-71.4381600972,0.09846911
41.8529174091,-71.3990395945,0.10124953
41.8511980873,-71.4300202097,0.10166036
41.8517307242,-71.3953550071,0.100962475
41.8514323662,-71.4008912511,0.09774371
41.8518380707,-71.4235850077,0.0983785
41.8513965734,-71.3923042249,0.096424475
41.8522377758,-71.4210511182,0.09685512
41.8514641798,-71.4173527128,0.100173615
41.8518601295,-71.4408663464,0.09784805
41.8523849189,-71.401586322,0.09440192
41.8523407345,-71.4345480188,0.101116866
41.8529080782,-71.4420365659,0.09755152
41.8519329089,-71.4238005279,0.09813573
41.852123192,-71.4442394816,0.0992001
41.852065368,-71.3923283247,0.09206522
41.8518694515,-71.4136245542,0.09796399
41.8522466233,-71.3957453111,0.10240784
41.8525226142,-71.4160738805,0.107605614
41.85166568,-71.4187609089,0.093372494
41.8524814871,-71.3908687457,0.09800949
41.851999775,-71.3920917663,0.0899362
41.8514511958,-71.4196749107,0.10490031
41.8515002072,-71.4170920727,0.09528962
41.8526704112,-71.3981043403,0.0984745
41.8511717401,-71.3914733256,0.09909119
41.8483384552,-71.386832087,0.10196682
41.8518357969,-71.3878445628,0.10567979
41.8530953667,-71.4059195229,0.10121305
41.8519348382,-71.3918573823,0.09598492
41.8523138014,-71.4485914639,0.098575115
41.8516387796,-71.4437381696,0.10493773
41.8530848215,-71.4161062228,0.10378237
41.8511124034,-71.4442385757,0.100632004
41.8522253521,-71.4385695598,0.10069298
41.8531739218,-71.4244481749,0.09937697
41.8516680145,-71.4021688687,0.0991337
41.8519468147,-71.4179647678,0.091398835
41.8515953097,-71.4160207014,0.10193482
41.8518635294,-71.4000380841,0.09416538
41.8526161547,-71.3879820056,0.101579726
41.8517418064,-71.4291459132,0.09811638
41.852437685,-71.4479264679,0.10333998
41.8518228385,-71.4041747972,0.099948786
41.8521495477,-71.4173910342,0.09233939
41.8513801935,-71.3963802337,0.09593099
41.8522240527,-71.4047377707,0.09843092
41.851448318,-71.4467443102,0.09564859
41.8517917464,-71.4425321733,0.097120166
41.8532251898,-71.4061030728,0.09954465
41.8527967984,-71.42444437,0.10213044
41.8512604304,-71.4479047271,0.0963371
41.85264582,-71.4481198703,0.0958479
41.852560633,-71.4471869177,0.09811598
41.8523042798,-71.4231635698,0.09690804
41.8531769088,-71.4153462232,0.095596574
41.8525571082,-71.4136275438,0.09617643
41.8522397122,-71.3972391171,0.10340727
41.8526468213,-71.420329722,0.10175976
41.8530645104,-71.4450505113,0.09908626
41.8511943984,-71.3870022375,0.100395925
41.851059437,-71.4400480601,0.101737514
41.8525146529,-71.3976427372,0.09715479
41.8515226473,-71.3927700024,0.095605895
41.8524075286,-71.4145108469,0.098683104
41.8515415998,-71.4030047265,0.088834554
41.8510560361,-71.4302451475,0.109922014
41.8513065014,-71.3962379923,0.098377354
41.851508332,-71.4011176566,0.09594615
41.8519185048,-71.4370084358,0.09449017
41.8518408344,-71.3903923654,0.09937589
41.8519582719,-71.3880269441,0.10153908
41.8531679085,-71.4427453269,0.0917075
41.8518716822,-71.3916297026,0.09809923
41.8522971674,-71.4394592334,0.09212822
41.8511504529,-71.395773397,0.098457344
41.8515186733,-71.4021126978,0.097879
41.8516695512,-71.4130654902,0.09691196
41.8516221703,-71.4158363411,0.09883354
41.8520263534,-71.4309844609,0.09729008
41.8516724944,-71.4044447782,0.10188683
41.8535817194,-71.440795778,0.098243
41.8520540646,-71.4293220228,0.09774349
41.8532269434,-71.4290556841,0.09874196
41.8517620487,-71.4031877343,0.09679554
41.8514294294,-71.4471815731,0.10290568
41.851337743,-71.4474231681,0.097452514
41.852656295,-71.4391851116,0.095207885
41.8516948689,-71.3995233925,0.09375901
41.8526588064,-71.4225271541,0.09918911
41.8523797965,-71.4304118351,0.09515571
41.8518171343,-71.4202091418,0.097993225
41.8514378458,-71.4426932388,0.092863716
41.8513947345,-71.4398958711,0.09909661
41.852694102,-71.4015489955,0.10255831
41.8520722518,-71.4452401107,0.1059134
41.852361508,-71.3898378862,0.100034185
41.8526381642,-71.4467067166,0.09836642
41.8519623765,-71.4396289062,0.09332475
41.850837294,-71.3869221453,0.09872941
41.8527665808,-71.4175878957,0.10163996
41.8528746266,-71.3968530728,0.09987016
41.8506629757,-71.420043446,0.102118306
41.8524673686,-71.4393729929,0.09457625
41.8518953163,-71.3958062847,0.10127421
41.8533938457,-71.4408793006,0.096974514
41.8516505442,-71.4042867759,0.100115836
41.8515828829,-71.439810446,0.09897776
41.851099538,-71.448861955,0.096833386
41.8515096466,-71.3947732649,0.09830547
41.8517667947,-71.39367655,0.09667429
41.8511904553,-71.3979769578,0.09644266
41.8521297784,-71.4463968184,0.09450467
41.8520776505,-71.4045405398,0.09900592
41.8515580664,-71.4162560663,0.09031913
41.8526885814,-71.3932202867,0.098436795
41.8513322442,-71.3983953448,0.0941704
41.8520906334,-71.4313102258,0.09479321
41.8522137981,-71.4214558895,0.09359759
41.8522458803,-71.4456650556,0.096972324
41.8513707859,-71.4201462698,0.09534258
41.8519710006,-71.4160422629,0.09513338
41.8515116032,-71.4463750776,0.09522561
41.853740426,-71.4160472456,0.094534144
41.8528406154,-71.3928827094,0.10020947
41.8514780143,-71.3976938352,0.10622881
41.8528979326,-71.416095442,0.09906201
41.8528119444,-71.4194264119,0.09774099
41.8465533971,-71.3867756419,0.09949578
41.8524165566,-71.4388318149,0.10149742
41.8522017703,-71.4374376482,0.09299771
41.8515001637,-71.4022701575,0.10200253
41.8529504366,-71.4190488165,0.10184729
41.8521307138,-71.4423778113,0.09575921
41.8486930115,-71.3868421438,0.09860156
41.8529495304,-71.4478590714,0.09649319
41.8526937276,-71.4014034946,0.09280391
41.8533922591,-71.4426375272,0.09651588
41.8516698479,-71.4454539873,0.09541038
41.8525984055,-71.3920039743,0.10234516
41.849404626,-71.3868575461,0.10365787
41.851468044,-71.3946599242,0.098965734
41.8519874224,-71.4472726129,0.09740429
41.8510130475,-71.3954443385,0.09682699
41.8512344444,-71.3959890244,0.09962395
41.8533067227,-71.3905857081,0.09848339
41.8521944148,-71.4421613964,0.10114954
41.852922677,-71.401267144,0.09935062
41.8533817437,-71.4289791344,0.10220775
41.8528381795,-71.4007868816,0.09192084
41.8527036686,-71.3969571716,0.09476169
41.8525980028,-71.438030917,0.10028947
41.8519439678,-71.4475221794,0.09581869
41.8517851423,-71.3884795898,0.09810657
41.8518371937,-71.4020667646,0.099836506
41.8515060913,-71.3896017793,0.097345866
41.851285594,-71.3918940756,0.10100596
41.8516430734,-71.39600044,0.09868414
41.8528016826,-71.4025620646,0.09395157
41.8518477774,-71.4038953939,0.09736468
41.8519807773,-71.4413373154,0.09818839
41.8522063765,-71.4294850872,0.09943628
41.8518410862,-71.3907743394,0.1039935
41.8526836866,-71.4178096705,0.09980406
41.8515907342,-71.4189737141,0.10128584
41.8518963553,-71.4209983022,0.100614525
41.852338037,-71.4294560074,0.100207925
41.8485163274,-71.3868371607,0.10162523
41.851485789,-71.4043947683,0.09523933
41.8520470357,-71.4210225813,0.09145328
41.8517470418,-71.4309328241,0.100819
41.8514017727,-71.411412029,0.09813138
41.8515915788,-71.3937604459,0.10030065
41.8522477972,-71.4230267745,0.10532647
41.8516204998,-71.3889098565,0.09952815
41.8523611937,-71.3971891968,0.10102709
41.8533403723,-71.439977401,0.09686394
41.8521785717,-71.4018604724,0.10312233
41.8516150841,-71.397057737,0.091933556
41.8514935051,-71.3876205046,0.10174846
41.8516119949,-71.4397969483,0.09925223
41.8524903229,-71.4482534856,0.099535674
41.8499414496,-71.3868744887,0.10155622
41.8526693047,-71.4402823223,0.100169
41.851757604,-71.4404578829,0.09811736
41.852227672,-71.392913423,0.09825993
41.8510810831,-71.4444835245,0.09706241
41.8520960845,-71.4202682995,0.09840242
41.8516639574,-71.4440287748,0.09944132
41.8528179264,-71.4153316374,0.100621745
41.8523746263,-71.4136242824,0.09981758
41.8516303109,-71.4304548659,0.098328784
41.8515371995,-71.3968330503,0.099152945
41.8517845272,-71.4397189514,0.09457286
41.8517540258,-71.3997119287,0.100144535
41.8535516242,-71.4161113867,0.10057955
41.8522932612,-71.390930898,0.098684445
41.8522820493,-71.4488400331,0.10039534
41.8519125506,-71.3996158033,0.09646166
41.852263594,-71.4377514494,0.104543746
41.8511936743,-71.420120813,0.10336451
41.8514341369,-71.4491175898,0.10291553
41.8517114108,-71.420968497,0.09564171
41.8527614891,-71.4005539528,0.08678209
41.8518661213,-71.3873157201,0.103864014
41.8515432178,-71.3891288402,0.100086935
41.8516495426,-71.3932389504,0.0996809
41.8525972271,-71.4253391518,0.09498257
41.8516804781,-71.443511519,0.090710565
41.8524146991,-71.3913711278,0.09920198
41.8519009968,-71.4477689377,0.097717315
41.8515487169,-71.3990569895,0.100125976
41.8525090543,-71.4474910176,0.09266811
41.8524700083,-71.4403681096,0.09799777
41.8522752504,-71.3945688712,0.09738247
41.8531652906,-71.4389084531,0.10041401
41.8518578046,-71.4044943351,0.09743527
41.8520283769,-71.4405588891,0.09492113
41.8513493207,-71.3921295468,0.10067337
41.8511736555,-71.4440118349,0.09814916
41.852898809,-71.3931197202,0.08821144
41.8516023242,-71.4307814466,0.09740723
41.8526804458,-71.4464606823,0.096800104
41.8517109031,-71.4452151086,0.095493495
41.8514647643,-71.4027739734,0.09369519
41.8525321402,-71.40149971,0.09972902
41.8514012913,-71.3985991927,0.09068358
41.8512200591,-71.4481442381,0.100067414
41.8520880278,-71.4136192997,0.095642515
41.8525987723,-71.4469445978,0.0964683
41.8520442739,-71.4045442543,0.10134301
41.8524300849,-71.3957264663,0.101422854
41.8516787638,-71.4366477086,0.095741235
41.8521618969,-71.4336403961,0.09319378
41.8514484502,-71.4116847224,0.098944604
41.852287877,-71.4431476278,0.09117432
41.8522058966,-71.4404817983,0.101113304
41.8519189658,-71.441095988,0.10179557
41.852344387,-71.445446378,0.10133188
41.8515316857,-71.4364176111,0.09909723
41.8527456671,-71.3983339186,0.09967163
41.8513885995,-71.4362145093,0.0984974
41.8517966385,-71.3958882775,0.10253169
41.8525007587,-71.4302159772,0.09688812
41.8513165296,-71.4298325047,0.106273934
41.8532563116,-71.4418846496,0.09277866
41.8525935352,-71.3978760303,0.09737428
41.8522147895,-71.4244567812,0.09650629
41.8515734632,-71.4502192992,0.100902826
41.8529846022,-71.4244469972,0.095358536
41.8524143217,-71.3897445669,0.09968281
41.8518586641,-71.4480116193,0.09685199
41.8525489448,-71.44125488,0.09638373
41.8526921916,-71.4145239832,0.09638624
41.8528261699,-71.3910896308,0.08916478
41.8522804176,-71.4136226517,0.09911901
41.8492259684,-71.386853016,0.10712741
41.852113037,-71.4379101617,0.09685683
41.8522014247,-71.4414093331,0.097871944
41.8526489044,-71.4198706838,0.09560886
41.8520811916,-71.4153015599,0.09664176
41.8521196899,-71.3964629512,0.099133186
41.8523348057,-71.3910959729,0.09912149
41.8521602249,-71.3934758703,0.09817495
41.8527721171,-71.4170974178,0.09841934
41.8530286317,-71.4126780132,0.09477148
41.8521843501,-71.3875448521,0.099658266
41.8523491358,-71.4017574622,0.098084554
41.8521992069,-71.4493275689,0.092701495
41.8524767719,-71.4250614862,0.10069934
41.851960498,-71.447345807,0.10206008
41.8517019322,-71.3886968524,0.09754236
41.8529129471,-71.401014012,0.096806884
41.8519228395,-71.4450991568,0.09940969
41.8527223694,-71.4462164596,0.10015864
41.8522443991,-71.4011723781,0.10053703
41.8513061162,-71.4304899246,0.09582867
41.8530264727,-71.4401242451,0.101568796
41.8512723242,-71.449237979,0.10281843
41.8523337942,-71.4128753303,0.09883347
41.8526511448,-71.4456800931,0.099915445
41.8528907475,-71.4192117044,0.09581644
41.8516993397,-71.3902460446,0.09920878
41.8510636946,-71.3955504309,0.09880016
41.8526979959,-71.4344252693,0.10317637
41.8518528484,-71.4169155947,0.101621024
41.8479895181,-71.3868210335,0.10603163
41.8519143415,-71.3974354459,0.09906056
41.8518237066,-71.399919581,0.09119485
41.8522697064,-71.3969134121,0.094873615
41.8527659009,-71.4189433652,0.09522181
41.8524233812,-71.4455069809,0.09780492
41.8521298954,-71.394667897,0.09744136
41.8513950586,-71.4025661415,0.09565131
41.8516383631,-71.4177978932,0.1024844
41.8519429221,-71.4002744561,0.09908135
41.8516844301,-71.4034404118,0.09454754
41.8518058296,-71.413008868,0.09689578
41.851832719,-71.4143671631,0.09414887
41.8531243171,-71.440999149,0.10221945
41.8525653173,-71.4200984364,0.09039789
41.8525471482,-71.4438368196,0.100027636
41.8513496742,-71.3952062421,0.09956786
41.8525345063,-71.3970601832,0.10084537
41.8519949441,-71.4202339645,0.100675896
41.8525573276,-71.3992369189,0.09894167
41.8515655356,-71.4460613745,0.09953636
41.8466510003,-71.3867813498,0.093554564
41.8514321406,-71.4199178831,0.1008014
41.8522133979,-71.4341047615,0.092593044
41.8534195226,-71.4418158026,0.095814064
41.8524123895,-71.4445857978,0.10408292
41.8524437233,-71.4228433237,0.09806652
41.8535590233,-71.4288910795,0.09580923
41.8512802022,-71.3910798459,0.102386005
41.8519626756,-71.3960035204,0.09614149
41.8524800383,-71.3915960897,0.100307
41.8511863108,-71.3953220287,0.10193118
41.8515940451,-71.4489945735,0.10242113
41.8519575104,-71.4197458456,0.09971275
41.8515200031,-71.4191744703,0.08938314
41.8511762239,-71.4170418834,0.09804113
41.8528435009,-71.440206409,0.09614721
41.8532109979,-71.3909781917,0.10129232
41.8519818115,-71.4298921137,0.09722958
41.8528766021,-71.4292206511,0.099483974
41.8515530631,-71.4364508575,0.09579169
41.8523307301,-71.4376676543,0.09990088
41.8514916949,-71.411924167,0.095951416
41.8510399957,-71.4437689694,0.09672287
41.8521962028,-71.3966912621,0.100845024
41.8520633575,-71.4207417415,0.10075767
41.8515284116,-71.4209463922,0.09442552
41.8521105853,-71.4465181145,0.10221406
41.8528963154,-71.4411004269,0.09625221
41.8527411182,-71.4448225028,0.10051713
41.8519844607,-71.4018358297,0.0975397
41.8529999167,-71.4153389756,0.103669435
41.8471981216,-71.3868031849,0.09756078
41.8523813715,-71.3944372292,0.099425405
41.8533089958,-71.4062160475,0.10086874
41.8520669368,-71.4467928648,0.097409114
41.8531475661,-71.4023472565,0.09443739
41.8520353271,-71.4177270485,0.09470936
41.8519244103,-71.3879025479,0.1018945
41.8515118301,-71.416742831,0.09458915
41.8524113405,-71.4187057371,0.0965932
41.8473761947,-71.3868094365,0.096301906
41.852390786,-71.4218916431,0.09572891
41.8512227286,-71.4399739586,0.09793128
41.8519075869,-71.4222271097,0.09979148
41.8501200974,-71.3868802872,0.09837566
41.8514970134,-71.4176404404,0.10435871
41.8518525026,-71.4134481651,0.10004955
41.8522019439,-71.4431846782,0.09628183
41.8463545291,-71.3867646791,0.09691783
41.852025951,-71.4486393841,0.10615192
41.8520758738,-71.3973380516,0.10057059
41.851129701,-71.4358856688,0.099549554
41.8517905121,-71.4472932666,0.09501256
41.8511777027,-71.4001313102,0.10207699
41.8520081535,-71.4019634826,0.099774234
41.8526190151,-71.3892887517,0.10462712
41.8525228471,-71.4293779177,0.09786288
41.8512130721,-71.400236767,0.095801
41.8517518108,-71.4488653067,0.10278731
41.8524085014,-71.3995101651,0.09638066
41.852097027,-71.4383631073,0.10010245
41.8523413688,-71.4048898839,0.10033072
41.8525050147,-71.4128283112,0.10504204
41.8518188458,-71.4482531232,0.10367961
41.851814356,-71.4220085084,0.09744788
41.8535041512,-71.4398939688,0.096329875
41.8524825906,-71.3997253373,0.09750445
41.8514771025,-71.3988312168,0.09850101
41.8521618262,-71.4338686835,0.097019754
41.8523740957,-71.4413326048,0.09147525
41.8532909019,-71.4153509341,0.09932097
41.8522922223,-71.4028695543,0.099919625
41.8523364713,-71.4160631903,0.09347684
41.8527313629,-71.4196458301,0.09556832
41.8512614354,-71.4427734997,0.096678644
41.8513315237,-71.4023719898,0.09594935
41.8519134614,-71.4144811317,0.09690679
41.8531644935,-71.4400621013,0.09956382
41.8525726574,-71.4223228666,0.09260404
41.8519273154,-71.4291540664,0.100272454
41.8520842639,-71.3995117959,0.10218325
41.8527461107,-71.4136308053,0.10136725
41.8519760734,-71.3947728119,0.09626605
41.8527059418,-71.4160843894,0.09729815
41.851469307,-71.4466214742,0.09491023
41.851868288,-71.4138968836,0.096878335
41.8526902008,-71.4255492355,0.09342241
41.8532093577,-71.4451526939,0.103674404
41.8514161925,-71.420152702,0.099039234
41.8522933444,-71.4484217954,0.0976515
41.8517689145,-71.4036713456,0.10244438
41.8522925153,-71.3931472628,0.09006143
41.851701755,-71.401694587,0.09505139
41.8528455747,-71.388272384,0.09775264
41.8515362764,-71.4213562368,0.10037886
41.8525205122,-71.4187789371,0.09352751
41.8475515837,-71.3868127887,0.10938233
41.8526319804,-71.4300034503,0.09487695
41.852126834,-71.4395455645,0.084718816
41.852262041,-71.4375247951,0.090938374
41.8528542491,-71.412728022,0.09708743
41.8509204102,-71.421424816,0.093987964
41.8521170193,-71.4175077197,0.088950254
41.8527984549,-71.3927117463,0.09995658
41.8511276753,-71.4428335595,0.10128685
41.8517168753,-71.4151923931,0.096113466
41.8517076336,-71.3997416451,0.09728019
41.852891691,-71.3987793942,0.1027344
41.8517984215,-71.4368351382,0.09718097
41.8513117093,-71.4209001895,0.09731483
41.8510704849,-71.4492321815,0.099723086
41.8524121873,-71.4483206102,0.09969162
41.8517727109,-71.4202028909,0.094790585
41.8517817813,-71.4449437088,0.09592446
41.85164707,-71.3975945383,0.10032325
41.85246653,-71.4477360547,0.10496024
41.8495872119,-71.386862348,0.09869509
41.8522055279,-71.3904495347,0.10374376
41.8510800242,-71.4489844278,0.09790054
41.8529051098,-71.3911502428,0.09205838
41.8516662345,-71.3908831512,0.09868009
41.8516733167,-71.4154851051,0.09447909
41.8520383041,-71.4240450377,0.09599714
41.8517730599,-71.4485383802,0.09933214
41.8520805153,-71.4204944211,0.09891957
41.8517533525,-71.4149568462,0.096047066
41.8518197696,-71.4183231583,0.09877015
41.8526670607,-71.392240442,0.10419078
41.8517552585,-71.4160298514,0.09974239
41.8520822665,-71.4241476792,0.09422958
41.8509471648,-71.4435806375,0.094195515
41.8526521297,-71.400221637,0.097524695
41.8529755194,-71.3884363729,0.10300392
41.8512822772,-71.4004433319,0.098052636
41.852480555,-71.3878236338,0.102719486
41.8517619925,-71.4233558985,0.097613595
41.8519360837,-71.4311306746,0.104939125
41.8518755816,-71.4199576538,0.102475956
41.8511071964,-71.4493521177,0.099656515
41.8504815035,-71.4200169021,0.095705785
41.8515149544,-71.3998653124,0.09114228
41.8520125419,-71.3908518939,0.10351877
41.8520886341,-71.4417544744,0.09842257
41.8531036932,-71.3886086065,0.09466297
41.851842303,-71.4289688069,0.100807935
41.8518695549,-71.4487667487,0.09618855
41.8524515538,-71.4153166893,0.09628871
41.8512792707,-71.4204274725,0.0991252
41.8522923342,-71.4188587504,0.09495882
41.8522242084,-71.4295041114,0.09647752
41.8523161177,-71.4013860997,0.10134351
41.8516342847,-71.4127720514,0.0969831
41.8524634279,-71.4430718963,0.098968126
41.8515283743,-71.4445887872,0.094105504
41.8523326767,-71.4169455815,0.09646521
41.8527687574,-71.4371528353,0.09392422
41.8511295213,-71.4429118275,0.10752117
41.8529044484,-71.4145322274,0.098370105
41.8525323737,-71.3895003964,0.104230836
41.8518314902,-71.3948712035,0.10229306
41.8522093997,-71.4190820645,0.09861361
41.8523037081,-71.4202777212,0.09554943
41.8524110057,-71.4481808351,0.0975774
41.8513480782,-71.4022133524,0.087311506
41.8516334581,-71.3951055856,0.097703226
41.8522608986,-71.4444337013,0.10030065
41.8526069332,-71.4180151382,0.09934823
41.8515823176,-71.3900712749,0.09940053
41.8512532056,-71.4360425701,0.09831934
41.85286259,-71.3931362095,0.098725654
41.8512854021,-71.4441962713,0.100827
41.8525535326,-71.3932854284,0.09073539
41.8512872292,-71.3941673315,0.09434545
41.8518214353,-71.4433645857,0.10002202
41.8518552509,-71.4440952662,0.09318782
41.8510766638,-71.4209911454,0.10593738
41.851411259,-71.4443945675,0.09894393
41.8521092501,-71.3903076533,0.1006895
41.8511386633,-71.4486219915,0.10147975
41.8511958022,-71.4206480678,0.10016278
41.8523341019,-71.3933914308,0.09603323
41.8530480121,-71.4387238328,0.098442994
41.8516352285,-71.395004929,0.10160499
41.8520983728,-71.3924471927,0.096049145
41.8522525729,-71.3994097816,0.09580295
41.8520455389,-71.4210000235,0.09876713
41.8514105409,-71.4469743103,0.09580249
41.8520312097,-71.4414849743,0.10368889
41.8529707676,-71.4024594169,0.09658112
41.8514592412,-71.3966083635,0.0925915
41.8518273775,-71.4132938812,0.098750524
41.8513547944,-71.4209304477,0.10373434
41.8517798754,-71.4499422869,0.10599977
41.8528404664,-71.4384009736,0.09906337
41.8525161681,-71.434491853,0.103175506
41.8519958029,-71.4043144082,0.09906092
41.8516489725,-71.4455757366,0.09839241
41.8519888655,-71.4432766249,0.09722738
41.8521249258,-71.4029702086,0.098005295
41.8521468954,-71.4169396928,0.100289635
41.8522891671,-71.4386621417,0.092245094
41.8523349487,-71.3876812078,0.10448047
41.8526647274,-71.3909655075,0.09942463
41.8514596851,-71.3925373402,0.09600423
41.8519867321,-71.3905347903,0.09658238
41.8517496158,-71.4302639905,0.09621252
41.8529935591,-71.4428291207,0.09468384
41.8527317161,-71.4421135659,0.089114815
41.8522679345,-71.4153092605,0.097009145
41.8518698745,-71.4138401709,0.09426403
41.851643297,-71.4399924387,0.09531778
41.8520343407,-71.4169304522,0.09832735
41.8518077172,-71.3913989423,0.09590624
41.8517561205,-71.4147646943,0.09667175
41.8517416922,-71.4185448421,0.09485472
41.8519345493,-71.4030844527,0.10183551
41.8515206735,-71.3898473993,0.0971951
41.8530499017,-71.4291390282,0.09704695
41.8525754729,-71.3999950497,0.1025903
41.8527009087,-71.4226269876,0.095856674
41.8504785713,-71.3868932433,0.102584876
41.8527199009,-71.4437583706,0.094813325
41.8514717202,-71.4504740272,0.09710407
41.8518687,-71.3907572159,0.10128151
41.852153674,-71.4017295579,0.10238669
41.8511969785,-71.3939493474,0.09134145
41.8526432193,-71.4429943531,0.097802706
41.8526881654,-71.4003310802,0.09870744
41.8520417245,-71.4297962682,0.092108354
41.8516381845,-71.4293139602,0.09456508
41.8513516974,-71.3999699539,0.09629385
41.8532144963,-71.4409590184,0.09418374
41.851205542,-71.3915982641,0.09766758
41.8527084903,-71.4292995561,0.09463833
41.8524700173,-71.4375006983,0.09442279
41.8518222795,-71.414475696,0.091466114
41.8516233935,-71.3909051673,0.09811579
41.8522676409,-71.4343388464,0.09622641
41.8522571887,-71.3900279676,0.0945
41.8523698998,-71.3943060403,0.09928665
41.8515878739,-71.4013549339,0.09911218
41.853253441,-71.4436392478,0.098724104
41.8519248979,-71.404106396,0.09598601
41.8522393396,-71.4490839822,0.09485322
41.8525922558,-71.4145200876,0.08950783
41.8524390186,-71.3974192286,0.09537406
41.8515349844,-71.4121638832,0.09249966
41.8521562887,-71.4170937034,0.0922344
41.8526344397,-71.415324118,0.09737935
41.8524633397,-71.4422306963,0.09453732
41.8515273546,-71.4164989505,0.10121905
41.8525778402,-71.4447073662,0.102938205
41.8517087336,-71.3934578409,0.092622295
41.8520087758,-71.4471493242,0.09942427
41.8532470815,-71.390864578,0.098455794
41.8521636669,-71.3926828447,0.09986843
41.8525407457,-71.3918051963,0.09712388
41.8523872146,-71.4248547542,0.09914715
41.8518642678,-71.4300803622,0.09909386
41.8523711122,-71.4244279727,0.09933733
41.8532055732,-71.4126270985,0.09720564
41.8526032224,-71.4373425294,0.10182926
41.8516276984,-71.4215705806,0.09512264
41.848873778,-71.3868461303,0.09856198
41.8521258386,-71.4212311273,0.09564414
41.8502920363,-71.4199889992,0.10283252
41.8511607067,-71.4409457019,0.09631703
41.8516330436,-71.4316203181,0.09908905
41.8513926715,-71.4320086806,0.09575851
41.8501378112,-71.40131498,0.09926227
41.8503144921,-71.3892592156,0.0991667
41.8512639573,-71.4163197544,0.099112146
41.8505887123,-71.3942503212,0.095987566
41.8507674999,-71.395604519,0.096029654
41.8502400387,-71.4293917781,0.09477699
41.8511823077,-71.3874903098,0.096785754
41.8501742094,-71.4367907494,0.0983963
41.8508456336,-71.4462847623,0.09670596
41.8502791374,-71.3944018046,0.0985806
41.8502029272,-71.4436216738,0.09799956
41.8510522987,-71.4172316787,0.09946808
41.8517578551,-71.4370934992,0.09338551
41.8502607077,-71.3931289615,0.09857363
41.8502343926,-71.391609861,0.091437824
41.8508244915,-71.3892546855,0.10196145
41.8501204544,-71.3880748724,0.098761134
41.8509476241,-71.4165227768,0.10404081
41.8501263545,-71.4170289284,0.09864293
41.8506859922,-71.4428554818,0.09836881
41.8503035075,-71.3955915633,0.10611426
41.8516254344,-71.4416728544,0.097216085
41.8504535991,-71.3938285773,0.098808356
41.8506737542,-71.4421122976,0.09065816
41.8502619274,-71.4185126812,0.09570178
41.8503047458,-71.4018128177,0.103306025
41.8507916275,-71.4192638865,0.10130485
41.8507543225,-71.4137598129,0.09879552
41.8503726172,-71.4201507089,0.09659766
41.8501022673,-71.3896390164,0.09822148
41.8510135121,-71.441956486,0.094383135
41.8514707169,-71.4194259589,0.10287605
41.85062998,-71.390150551,0.0920484
41.8504473312,-71.4431885735,0.09710969
41.8503715843,-71.4183229771,0.091985896
41.8503619152,-71.3873795038,0.09949553
41.849943531,-71.3945658814,0.10583597
41.8510905618,-71.4135400288,0.097868174
41.8501465745,-71.4029333353,0.106468424
41.8500263804,-71.3948153939,0.10414606
41.8517196196,-71.4130314263,0.09964822
41.8502620672,-71.3954756861,0.09993706
41.8508987781,-71.4494764927,0.0927316
41.850657336,-71.4477590637,0.090364404
41.8502288616,-71.4015877716,0.100128666
41.8503906643,-71.3936004458,0.0952778
41.850275531,-71.3969161301,0.0967231
41.8499418355,-71.4174604295,0.096428156
41.8506115255,-71.4481276608,0.09872807
41.8510650956,-71.4493773913,0.095858544
41.8508111788,-71.4432254428,0.09454417
41.8505486577,-71.4486325901,0.09165052
41.850461533,-71.4378791802,0.09705817
41.8502867719,-71.3975680833,0.09741666
41.8500668367,-71.4363089942,0.09855381
41.8511110257,-71.4164341753,0.0950608
41.8506180628,-71.4166970808,0.10223889
41.8504859664,-71.4491205791,0.094930775
41.8505149948,-71.3940514538,0.09712938
41.8504068501,-71.4497016901,0.099522084
41.8508138637,-71.4465318837,0.10161726
41.850003989,-71.3921976785,0.09684253
41.850324364,-71.4028261578,0.107888065
41.8509992759,-71.4144240568,0.10059185
41.849939262,-71.4358581296,0.09537096
41.850067322,-71.4010985404,0.09184174
41.8498348493,-71.3986598035,0.09900217
41.8501489413,-71.3982513827,0.0967299
41.8500891836,-71.435520411,0.09629321
41.8517517606,-71.4314285374,0.09320249
41.8513629386,-71.4417945143,0.10322314
41.8502606437,-71.4431760724,0.10064068
41.8504723023,-71.3982882566,0.09877149
41.850117586,-71.4443133105,0.09774907
41.8501882464,-71.4404397652,0.099510334
41.8503800906,-71.4295441527,0.09670725
41.8502861716,-71.4369948474,0.10104972
41.8504528985,-71.4022478703,0.09687998
41.8514959521,-71.4372142549,0.10023449
41.8505005929,-71.4147202121,0.100742616
41.8500539472,-71.4410851174,0.09792443
41.8504470228,-71.4376749921,0.10079529
41.8503082058,-71.4373003148,0.097603485
41.8504823578,-71.4181311893,0.09428047
41.8501468638,-71.4440758804,0.09921608
41.8499003445,-71.4355994959,0.104165286
41.8508416123,-71.442036113,0.09409709
41.8515360496,-71.4417142532,0.09132455
41.8503682611,-71.3977928602,0.09166858
41.8509107649,-71.4036998839,0.10097429
41.8501107562,-71.3906748595,0.098177925
41.8508406472,-71.4042292464,0.09717842
41.8504278613,-71.4000416175,0.09948672
41.8518054167,-71.4415894226,0.102955505
41.8508292896,-71.4145249798,0.09578214
41.8501743785,-71.4414234649,0.09898641
41.8512059088,-71.404323015,0.09818812
41.8508897377,-71.4401246075,0.099940106
41.8508983183,-71.4410684492,0.096704565
41.8505398462,-71.441235947,0.09971073
41.8508854535,-71.4359396603,0.09310134
41.8511589387,-71.4323863529,0.104072385
41.8507101365,-71.4360229122,0.09503489
41.8506268266,-71.4480041006,0.09506046
41.8513766637,-71.4149981575,0.096233875
41.8510050273,-71.3874431969,0.10044331
41.8513403492,-71.4142174094,0.10171118
41.8503829684,-71.4020448398,0.10220338
41.8507295408,-71.4209809989,0.09794527
41.8500963062,-71.4444857892,0.10010789
41.8507064449,-71.3899888278,0.10293763
41.8508767122,-71.4460431665,0.09585302
41.8508225312,-71.403753699,0.101902656
41.8502592257,-71.4445165889,0.09823339
41.8506882304,-71.4177989804,0.092400044
41.8503009863,-71.3905375083,0.097216345
41.8507398973,-71.4367812375,0.095555216
41.8508084052,-71.417611722,0.10074763
41.8500728667,-71.3969831737,0.10524941
41.8507508296,-71.4470221402,0.09720034
41.8501156329,-71.3885749027,0.09213241
41.850102805,-71.3950295722,0.10020448
41.8504540495,-71.4493545636,0.09498772
41.8504008038,-71.395843793,0.10228787
41.8501808055,-71.395247918,0.0989368
41.8504566444,-71.4004949731,0.10061802
41.8502921075,-71.4005915512,0.100006886
41.8502539937,-71.4140632164,0.09956232
41.851396248,-71.4161712697,0.099570364
41.8508755853,-71.4153093511,0.10377572
41.8507889104,-71.4375280563,0.10255325
41.8506253872,-71.4154648119,0.1006721
41.8504090439,-71.3915217064,0.10348807
41.8506408207,-71.443201437,0.09855543
41.8509632602,-71.4374530484,0.09986536
41.8501070229,-71.3891131661,0.09679391
41.8504616381,-71.398050162,0.098644726
41.8504466387,-71.4167876753,0.09980621
41.8505584981,-71.4496763259,0.101891056
41.8501416459,-71.4196546177,0.09735862
41.8509694352,-71.445310497,0.09600721
41.8515136318,-71.4141112318,0.102237925
41.8505896855,-71.4138607361,0.09929497
41.8501118083,-71.3888147249,0.10014523
41.8503710526,-71.4375416447,0.09331746
41.8499952805,-71.4030245674,0.10467879
41.8511501183,-71.4035555616,0.097316034
41.8504216214,-71.4139622027,0.10017456
41.8511712582,-71.4143210502,0.09609017
41.8499969941,-71.4361017252,0.09134139
41.8506713189,-71.3892395551,0.106284015
41.8499560467,-71.4192362553,0.09522704
41.8510213265,-71.4042756324,0.09829828
41.8504962901,-71.3892492495,0.09829005
41.8505190786,-71.4341336598,0.09486046
41.8516710471,-71.4371336303,0.09661804
41.850237515,-71.4338223013,0.09422028
41.8512753909,-71.4321981056,0.0963056
41.8498821251,-71.4406043645,0.09290624
41.8509378081,-71.3954934436,0.103866056
41.8507972806,-71.3896305905,0.096304856
41.8506632472,-71.4146236378,0.09540076
41.8515077046,-71.440791158,0.09495048
41.8508273359,-71.4169689549,0.09491443
41.8510915632,-71.4366156399,0.09247481
41.8505685629,-71.4179853327,0.102645166
41.8504244974,-71.4495719706,0.09677237
41.8501148848,-71.4365678992,0.09808268
41.8503924316,-71.4335856796,0.09161358
41.8505223134,-71.4381006707,0.096997075
41.8501007396,-71.3898917033,0.09615605
41.8502827294,-71.4188095578,0.09843117
41.8503635217,-71.4403610437,0.100049846
41.8507294642,-71.4495774058,0.100314125
41.850012685,-71.4144477022,0.10169519
41.8501208606,-71.3873768763,0.09841632
41.8505757563,-71.433310285,0.09499288
41.8501234002,-71.4187054653,0.10062624
41.8505799435,-71.4483812126,0.09227591
41.8504572569,-71.3943146473,0.087167256
41.8505319507,-71.4424285406,0.095591895
41.8501941659,-71.3928876019,0.099915594
41.8506230413,-71.4360644023,0.091009006
41.8504112088,-71.4420918247,0.09615413
41.850483587,-71.4041376522,0.100620955
41.8502361046,-71.4198603561,0.09387724
41.8509303814,-71.4174216551,0.09891881
41.8508249048,-71.3874093118,0.10576376
41.8504666824,-71.3903840301,0.09692108
41.8501302365,-71.3971364679,0.09908509
41.8505628686,-71.4004326413,0.09802947
41.8516765628,-71.4407166037,0.09334276
41.8512646521,-71.4365409941,0.09561733
41.8506104806,-71.4426462236,0.10029082
41.8516146528,-71.4131662323,0.095797084
41.8508188583,-71.4211822975,0.10086815
41.8513108708,-71.4193841045,0.104835466
41.8516895871,-71.4140035141,0.101906344
41.8501234793,-71.3892697254,0.09970504
41.8509869558,-71.4410269597,0.095890574
41.8502325966,-71.4433808915,0.09434075
41.8509247374,-71.4327647496,0.10117024
41.850083609,-71.4292861486,0.098849304
41.8510421217,-71.432575053,0.09244072
41.8515450328,-71.4148937015,0.096826255
41.8503009984,-71.4040908132,0.105226934
41.8501174473,-71.4412632141,0.097973034
41.8514012298,-71.4034044444,0.10555516
41.8501039177,-71.3893717425,0.10037796
41.8513338588,-71.4408678864,0.094767086
41.8502609241,-71.4151816123,0.09648783
41.8502146741,-71.4431719959,0.09881321
41.8501697929,-71.4141140403,0.10426513
41.8500250346,-71.4405130513,0.09358332
41.8511762239,-71.4170418834,0.0981893
41.8509182071,-71.4136526387,0.09690203
41.8503299369,-71.4418625461,0.09521819
41.8507480198,-71.4330502907,0.09695409
41.8500129,-71.4172178178,0.10046556
41.8503823797,-71.4369495527,0.09359857
41.8511310122,-71.4193601878,0.10020665
41.8503397348,-71.4148156992,0.10033962
41.8505881641,-71.4352925776,0.09043809
41.851359273,-71.3875569928,0.0998227
41.8506613619,-71.4041833134,0.09982603
41.8507118763,-71.4402045067,0.09772573
41.851316075,-71.4034556322,0.10141185
41.8504570104,-71.3873807722,0.10132154
41.8505986077,-71.3966955203,0.10433839
41.8512569417,-71.4134311332,0.09697057
41.850496348,-71.4445436746,0.09525649
41.8509177046,-71.4366975328,0.094172515
41.8507259328,-71.3966099943,0.10203883
41.8507087623,-71.4154129916,0.10141617
41.8506390663,-71.4207771636,0.09544699
41.8515127708,-71.4318146353,0.09535059
41.8504926722,-71.4027245069,0.10506403
41.8515797029,-71.4032969954,0.09605465
41.8501241009,-71.387619055,0.1006049
41.8500978707,-71.3903706211,0.094667755
41.8510438833,-71.4152048952,0.1004748
41.8502762469,-71.4168989253,0.09701765
41.8502091221,-71.3973539971,0.09478032
41.8501150171,-71.3944819857,0.09824481
41.8499465192,-71.398450429,0.09122179
41.8513929261,-71.4043709411,0.09547163
41.8510698264,-71.4358562272,0.0997922
41.8506489109,-71.4038595172,0.101595104
41.8511443071,-71.4373751415,0.095087714
41.8502769202,-71.4362197635,0.098384164
41.8501169525,-71.4006947429,0.10023419
41.8501219552,-71.3878833403,0.10018536
41.8518651905,-71.413895887,0.098338105
41.8518715666,-71.4312349448,0.10258899
41.8514287174,-71.4364702437,0.09903738
41.8505062696,-71.4002747279,0.09791917
41.8505383136,-71.4402825034,0.09572944
41.8505194196,-71.4296957119,0.09809893
41.8507822481,-71.4467777367,0.09607921
41.8506971807,-71.4169355255,0.0958638
41.8503680004,-71.4339678798,0.10224851
41.850939007,-71.4455586156,0.10012479
41.8511889347,-71.4418751378,0.09756153
41.8507197259,-71.4411518811,0.09193604
41.84986674,-71.4190350462,0.09777783
41.8506197552,-71.4384557799,0.09450028
41.850908016,-71.4457998494,0.09627104
41.8499398582,-71.4008025552,0.10318291
41.8504778014,-71.4039637046,0.1006358
41.8513203737,-71.4372950606,0.09625968
41.8500871254,-71.4146682106,0.09804579
41.8506020243,-71.395712514,0.10592435
41.849937743,-71.3919572243,0.09859681
41.8505652183,-71.4368634927,0.10189637
41.8503595714,-71.4413202848,0.09389914
41.8506880276,-71.4475124867,0.09581855
41.8506562155,-71.4191068872,0.09958086
41.8515543974,-71.4160297608,0.09984252
41.8506140771,-71.4376032454,0.0905262
41.8507195223,-71.4472654565,0.09819846
41.8499727425,-71.4408580123,0.09354221
41.8500601346,-71.3916977438,0.10473315
41.8504527809,-71.436145027,0.09878076
41.8504579772,-71.420351555,0.0952802
41.850784561,-71.4166090229,0.09883213
41.8508203934,-71.3893781752,0.10046241
41.8509541726,-71.4193363616,0.09516925
41.8505176424,-71.4488825181,0.09401189
41.8512107048,-71.4151012546,0.096170194
41.8502669795,-71.4354458556,0.096625626
41.8501768872,-71.4438323808,0.096295275
41.8500183714,-71.4009482375,0.09987911
41.8509981666,-71.4450631936,0.10079088
41.8504488977,-71.3959889338,0.10302419
41.8506428371,-71.3873865707,0.097570054
41.8505142718,-71.3981953019,0.09493655
41.8501290586,-71.3926513157,0.10051013
41.8503865897,-71.4155516923,0.09428598
41.8507795035,-71.3897529022,0.09848554
41.8501183623,-71.3883254765,0.10082365
41.8499900542,-71.4142223921,0.09837433
41.8506370198,-71.3964818865,0.10461087
41.850554452,-71.4205785825,0.10192954
41.8504455227,-71.3968000721,0.100741155
41.8505784116,-71.402672866,0.09881474
41.8498912247,-71.3917829991,0.098552555
41.8517561205,-71.4147646943,0.09782372
41.8502561283,-71.4416542838,0.092426114
41.8499930927,-71.3983630915,0.1008992
41.8514083379,-71.4133321124,0.097123556
41.8503356686,-71.4154017578,0.08877646
41.8504711234,-71.4421988093,0.09925892
41.8500992842,-71.3901391352,0.096158065
41.8500679453,-71.3924297067,0.0996598
41.8504545919,-71.433492281,0.09848841
41.8500494033,-71.4194467955,0.09764367
41.8519854714,-71.4415059908,0.09650169
41.850437029,-71.4353670424,0.09322001
41.8508654634,-71.4328605037,0.09056037
41.8510352068,-71.4448099112,0.09604964
41.8503260665,-71.3933658815,0.10479625
41.851013154,-71.4170166981,0.09068656
41.8505319622,-71.4024730972,0.10653209
41.8501846908,-71.4149078344,0.09715778
41.8505514426,-71.3962576524,0.09838296
41.8510676166,-71.4445890589,0.1001353
41.8502358794,-71.3982980413,0.09532744
